time,algae,rotifers,egg_ratio,eggs,dead_animals,external_medium,cycle_id
0.0,1.5,,,,,80.0,C1
0.95,0.83,5.42,0.0,0.0,0.4,80.0,C1
2.26,0.7,18.26,0.38,7.02,0.0,80.0,C1
2.91,0.38,17.86,0.19,3.41,0.4,80.0,C1
3.95,0.41,21.07,0.32,6.82,0.4,80.0,C1
4.95,0.39,17.46,0.2,3.41,0.2,80.0,C1
5.93,0.91,15.85,0.91,14.45,1.0,80.0,C1
6.96,0.3,36.12,0.07,2.61,4.01,80.0,C1
8.22,0.77,18.86,0.45,8.43,3.41,80.0,C1
9.08,0.42,31.3,0.14,4.41,1.2,80.0,C1
9.94,0.24,16.66,0.11,1.81,1.4,80.0,C1
10.98,,,,,,80.0,C1
11.95,0.51,7.83,0.23,1.81,0.4,80.0,C1
13.0,0.62,23.08,0.5,11.44,1.2,80.0,C1
13.98,0.32,23.88,0.15,3.61,1.61,80.0,C1
14.99,0.67,18.66,0.4,7.42,1.2,80.0,C1
16.02,0.25,26.49,0.12,3.21,3.01,80.0,C1
16.94,0.38,8.23,0.59,4.82,2.01,80.0,C1
17.98,1.64,19.47,0.6,11.64,1.2,80.0,C1
18.93,0.69,23.48,0.5,11.64,1.0,80.0,C1
20.0,0.27,27.89,0.12,3.21,1.81,80.0,C1
20.95,1.23,19.06,0.88,16.86,1.61,80.0,C1
22.02,0.99,23.48,0.29,6.82,0.4,80.0,C1
23.16,0.18,29.7,0.41,12.24,0.8,80.0,C1
23.94,0.26,38.53,0.32,12.24,0.8,80.0,C1
24.95,0.94,11.64,0.81,9.43,4.21,80.0,C1
25.97,0.62,23.48,0.3,7.02,0.8,80.0,C1
26.95,1.21,20.87,0.57,11.84,1.4,80.0,C1
27.92,0.25,33.91,0.1,3.41,2.21,80.0,C1
29.05,0.36,14.65,0.18,2.61,1.0,80.0,C1
30.05,0.46,17.66,0.17,3.01,2.41,80.0,C1
30.93,0.62,11.84,0.41,4.82,1.61,80.0,C1
31.9,0.76,12.84,0.33,4.21,1.81,80.0,C1
32.97,0.56,22.27,0.25,5.62,0.8,80.0,C1
34.0,0.6,23.28,0.38,8.83,1.61,80.0,C1
34.95,1.21,28.9,0.61,17.66,2.61,80.0,C1
36.3,0.15,55.18,0.08,4.62,1.4,80.0,C1
37.3,0.13,24.88,0.01,0.2,4.62,80.0,C1
37.92,0.21,7.02,0.26,1.81,4.82,80.0,C1
38.95,0.97,8.83,0.23,2.01,2.41,80.0,C1
40.0,1.35,11.04,1.31,14.45,3.41,80.0,C1
40.93,0.71,26.49,0.42,11.04,1.0,80.0,C1
41.95,0.43,33.31,0.15,5.02,2.21,80.0,C1
43.19,0.35,21.47,0.2,4.21,4.41,80.0,C1
44.19,0.47,12.64,0.35,4.41,2.21,80.0,C1
44.94,0.77,12.24,0.44,5.42,2.41,80.0,C1
45.93,0.86,9.03,0.47,4.21,1.61,80.0,C1
47.07,1.02,52.37,0.39,20.47,1.4,80.0,C1
48.0,0.29,40.94,0.14,5.62,1.61,80.0,C1
48.93,0.65,33.71,0.45,15.05,6.82,80.0,C1
49.99,0.3,16.25,0.17,2.81,2.21,80.0,C1
51.01,0.22,12.84,0.13,1.61,2.21,80.0,C1
51.95,0.35,9.63,0.46,4.41,1.2,80.0,C1
52.97,1.51,12.64,0.62,7.83,2.61,80.0,C1
53.98,1.01,34.52,0.59,20.47,3.61,80.0,C1
54.94,0.28,41.94,0.1,4.21,1.2,80.0,C1
55.99,0.28,25.08,0.05,1.2,1.2,80.0,C1
57.01,0.75,23.08,0.67,15.45,1.2,80.0,C1
58.02,0.49,25.89,0.35,9.03,1.4,80.0,C1
58.98,0.36,33.91,0.25,8.43,2.41,80.0,C1
59.93,0.64,52.17,0.61,31.91,3.01,80.0,C1
60.9,0.16,52.37,0.13,7.02,3.41,80.0,C1
61.98,0.09,27.89,0.02,0.6,5.42,80.0,C1
62.97,0.56,5.42,0.81,4.41,4.21,80.0,C1
64.09,0.57,39.93,0.2,8.03,1.2,80.0,C1
65.35,0.61,39.53,0.21,8.43,1.0,80.0,C1
65.97,0.37,36.92,0.26,9.63,0.6,80.0,C1
66.92,0.44,21.07,0.5,10.43,1.2,80.0,C1
67.99,0.2,17.26,0.05,0.8,0.4,80.0,C1
68.95,0.42,17.46,0.37,6.42,0.4,80.0,C1
69.97,0.94,22.88,0.7,16.05,2.01,80.0,C1
71.15,0.33,41.74,0.18,7.63,3.01,80.0,C1
72.29,0.28,19.47,0.2,3.81,1.4,80.0,C1
72.95,0.51,18.46,0.49,9.03,2.21,80.0,C1
73.98,0.81,38.73,0.39,15.25,1.4,80.0,C1
74.98,0.19,39.73,0.13,5.02,1.61,80.0,C1
75.96,0.1,21.47,0.09,2.01,0.8,80.0,C1
76.94,0.32,13.24,0.56,7.42,5.22,80.0,C1
77.99,0.76,15.65,0.63,9.83,3.81,80.0,C1
79.04,0.58,26.09,0.58,15.05,3.41,80.0,C1
79.94,0.57,35.12,0.39,13.65,3.61,80.0,C1
81.05,0.4,47.76,0.41,19.67,4.21,80.0,C1
81.99,0.35,47.56,0.35,16.66,3.41,80.0,C1
82.95,0.29,43.14,0.22,9.63,5.82,80.0,C1
84.13,0.33,31.1,0.3,9.23,7.02,80.0,C1
85.32,0.31,30.3,0.35,10.64,5.02,80.0,C1
85.98,0.3,28.7,0.32,9.23,3.41,80.0,C1
87.24,0.3,23.08,0.32,7.42,2.41,80.0,C1
87.93,0.32,23.08,0.43,10.03,1.81,80.0,C1
88.95,0.38,20.67,0.25,5.22,1.2,80.0,C1
89.97,0.85,25.49,0.53,13.44,1.81,80.0,C1
90.97,0.25,41.54,0.05,2.01,1.2,80.0,C1
92.08,0.33,38.13,0.07,2.81,1.61,80.0,C1
93.02,0.35,12.84,0.3,3.81,3.01,80.0,C1
94.03,0.37,17.26,0.24,4.21,1.4,80.0,C1
94.96,1.0,20.07,0.81,16.25,1.81,80.0,C1
95.96,0.34,38.93,0.2,7.83,1.2,80.0,C1
96.99,0.22,21.47,0.2,4.21,1.2,80.0,C1
97.98,0.31,21.07,0.22,4.62,4.41,80.0,C1
99.06,0.28,16.86,0.15,2.61,2.41,80.0,C1
100.04,0.23,7.83,0.13,1.0,0.8,80.0,C1
100.93,0.33,6.02,0.4,2.41,1.2,80.0,C1
101.95,0.8,5.82,0.83,4.82,1.4,80.0,C1
102.99,0.78,23.28,0.5,11.64,0.6,80.0,C1
103.94,0.62,16.86,0.48,8.03,0.8,80.0,C1
104.93,0.28,34.72,0.18,6.22,1.4,80.0,C1
106.05,0.21,23.68,0.13,3.01,1.0,80.0,C1
107.14,0.23,15.25,0.13,2.01,1.4,80.0,C1
107.92,0.3,11.84,0.37,4.41,1.2,80.0,C1
108.98,0.51,14.25,0.37,5.22,1.4,80.0,C1
110.0,0.54,20.67,0.53,11.04,0.8,80.0,C1
110.97,0.44,30.5,0.34,10.23,0.2,80.0,C1
111.92,0.53,30.3,0.44,13.44,3.01,80.0,C1
113.02,0.24,25.89,0.16,4.01,4.62,80.0,C1
113.96,0.17,24.08,0.05,1.2,3.01,80.0,C1
114.92,0.25,10.03,0.28,2.81,1.2,80.0,C1
115.93,0.59,7.63,0.29,2.21,0.6,80.0,C1
116.96,0.82,26.49,0.63,16.66,4.21,80.0,C1
117.97,0.3,41.94,0.13,5.62,1.4,80.0,C1
118.98,0.25,35.92,0.15,5.22,3.21,80.0,C1
119.99,0.4,26.89,0.41,11.04,3.01,80.0,C1
121.19,0.24,23.28,0.16,3.61,2.01,80.0,C1
121.99,0.36,19.26,0.59,11.44,2.01,80.0,C1
122.94,1.51,25.69,1.0,25.69,3.81,80.0,C1
124.02,0.54,77.06,0.19,14.65,5.22,80.0,C1
125.05,0.19,57.19,0.09,5.42,6.42,80.0,C1
126.02,0.19,31.91,0.05,1.61,12.84,80.0,C1
127.04,0.4,15.25,0.88,13.44,11.84,80.0,C1
128.22,0.27,24.08,0.24,5.82,6.22,80.0,C1
129.02,0.41,23.48,0.59,13.85,5.82,80.0,C1
129.98,0.88,34.52,1.05,36.32,6.62,80.0,C1
130.98,0.27,42.54,0.18,7.63,6.62,80.0,C1
131.97,0.43,30.5,0.59,18.06,4.62,80.0,C1
132.95,0.46,42.74,0.51,21.67,3.21,80.0,C1
134.03,0.5,51.77,0.33,16.86,8.43,80.0,C1
135.35,0.23,31.3,0.06,1.81,8.23,80.0,C1
136.18,0.42,15.05,0.72,10.84,9.43,80.0,C1
136.99,0.66,28.29,0.72,20.27,7.83,80.0,C1
137.98,0.21,36.32,0.46,16.66,1.2,80.0,C1
139.0,0.17,36.72,0.23,8.43,2.41,80.0,C1
139.93,0.18,48.16,0.3,14.25,1.81,80.0,C1
141.31,0.14,73.65,0.29,21.47,3.21,80.0,C1
142.32,0.36,28.29,0.26,7.42,0.8,80.0,C1
142.96,0.35,27.09,0.2,5.42,3.21,80.0,C1
143.95,0.71,45.35,0.54,24.68,1.61,80.0,C1
144.99,0.81,42.94,0.21,8.83,2.01,80.0,C1
146.01,0.99,19.67,0.06,1.2,2.01,80.0,C1
147.05,0.75,12.44,0.4,5.02,3.41,80.0,C1
148.25,0.55,18.26,0.29,5.22,1.81,80.0,C1
149.31,0.36,31.1,0.24,7.42,0.8,80.0,C1
149.93,0.4,28.09,0.36,10.23,0.4,80.0,C1
150.94,0.55,15.45,0.7,10.84,0.4,80.0,C1
151.95,0.24,40.54,0.12,5.02,2.81,80.0,C1
152.96,0.51,47.16,0.3,14.05,1.81,80.0,C1
154.2,,,,,,80.0,C1
155.18,0.21,20.07,0.03,0.6,2.81,80.0,C1
156.38,0.39,13.04,0.4,5.22,3.61,80.0,C1
156.95,0.5,18.26,0.44,8.03,1.2,80.0,C1
157.91,0.15,34.52,0.88,30.3,0.4,80.0,C1
159.0,0.33,49.36,0.09,4.21,3.21,80.0,C1
159.9,0.28,44.35,0.11,4.82,4.21,80.0,C1
160.98,0.14,11.64,0.1,1.2,1.0,80.0,C1
162.0,0.18,9.43,0.49,4.62,2.01,80.0,C1
163.03,0.42,20.07,0.52,10.43,4.82,80.0,C1
163.98,0.52,29.1,0.46,13.24,1.2,80.0,C1
164.96,0.82,52.37,0.57,29.7,1.4,80.0,C1
165.93,0.2,57.79,0.06,3.21,2.21,80.0,C1
166.94,0.14,35.12,0.06,2.01,4.41,80.0,C1
168.04,0.39,15.85,0.65,10.23,3.61,80.0,C1
168.89,0.53,17.26,0.53,9.23,0.8,80.0,C1
170.12,0.22,33.71,0.18,6.02,1.0,80.0,C1
170.95,0.29,13.04,0.28,3.61,1.0,80.0,C1
172.02,1.06,17.86,0.79,14.05,3.21,80.0,C1
173.01,0.5,42.14,0.17,7.22,0.6,80.0,C1
173.97,0.16,35.32,0.04,1.4,1.61,80.0,C1
174.97,0.25,18.26,0.14,2.61,2.41,80.0,C1
175.85,0.48,11.44,0.88,10.03,3.01,80.0,C1
177.14,0.43,21.67,0.29,6.22,1.0,80.0,C1
177.93,0.44,25.28,0.37,9.43,1.4,80.0,C1
178.94,0.87,30.5,0.59,17.86,2.41,80.0,C1
179.91,0.19,35.32,0.07,2.61,1.81,80.0,C1
180.96,0.52,27.29,0.68,18.46,5.02,80.0,C1
182.0,0.23,20.47,0.12,2.41,1.81,80.0,C1
182.91,0.47,14.65,0.59,8.63,2.81,80.0,C1
184.05,0.37,12.84,0.27,3.41,1.4,80.0,C1
184.91,0.46,17.46,0.66,11.44,0.6,80.0,C1
185.91,1.19,30.9,0.74,22.88,2.81,80.0,C1
186.93,0.37,57.59,0.23,13.44,4.41,80.0,C1
187.94,0.21,41.54,0.09,3.81,7.83,80.0,C1
188.9,0.25,21.47,0.21,4.41,9.03,80.0,C1
189.9,0.47,17.26,0.57,9.83,5.42,80.0,C1
191.85,0.53,18.26,0.68,12.44,3.01,80.0,C1
192.91,0.91,27.89,0.69,19.26,4.62,80.0,C1
193.94,0.37,53.98,0.13,7.02,3.81,80.0,C1
194.91,0.19,26.89,0.09,2.41,3.21,80.0,C1
195.92,0.73,24.28,0.57,13.85,2.41,80.0,C1
196.92,0.31,18.86,0.29,5.42,1.61,80.0,C1
198.9,0.61,4.41,0.23,1.0,0.4,80.0,C1
199.98,0.96,33.31,0.68,22.68,1.81,80.0,C1
200.88,0.55,81.67,0.53,43.34,2.81,80.0,C1
201.91,0.13,18.46,0.16,3.01,0.6,80.0,C1
202.96,0.29,14.45,0.1,1.4,4.01,80.0,C1
203.95,,,,,,80.0,C1
205.05,0.48,24.48,0.27,6.62,0.0,80.0,C1
205.96,0.38,22.07,0.28,6.22,1.2,80.0,C1
206.92,0.45,17.26,0.44,7.63,1.4,80.0,C1
207.92,0.47,27.69,0.3,8.23,0.2,80.0,C1
208.94,0.42,37.32,0.3,11.24,1.61,80.0,C1
209.95,0.74,34.31,0.34,11.64,1.2,80.0,C1
211.08,0.14,57.79,0.08,4.41,2.81,80.0,C1
211.99,0.15,27.29,0.02,0.6,1.0,80.0,C1
212.95,0.39,13.65,0.47,6.42,2.21,80.0,C1
213.92,0.9,13.44,0.6,8.03,1.0,80.0,C1
214.99,0.81,30.7,0.46,14.25,0.6,80.0,C1
215.98,0.42,37.53,0.19,7.02,1.0,80.0,C1
216.99,0.37,30.3,0.13,4.01,2.01,80.0,C1
218.05,,,,,,80.0,C1
219.32,0.38,18.46,0.23,4.21,1.4,80.0,C1
220.04,0.51,13.65,0.69,9.43,1.4,80.0,C1
221.01,0.48,14.85,0.18,2.61,0.2,80.0,C1
221.98,0.42,32.71,0.33,10.64,1.2,80.0,C1
222.96,0.84,45.95,0.55,25.08,3.01,80.0,C1
223.97,0.26,46.15,0.06,2.61,2.81,80.0,C1
225.23,0.24,29.7,0.09,2.61,1.61,80.0,C1
226.16,0.34,8.03,0.47,3.81,1.2,80.0,C1
226.94,,,,,,80.0,C1
227.94,0.66,20.87,0.38,8.03,0.4,80.0,C1
228.93,0.67,50.37,0.2,9.83,1.61,80.0,C1
229.97,0.41,55.59,0.18,10.03,3.21,80.0,C1
230.93,0.46,34.92,0.18,6.22,3.01,80.0,C1
232.05,0.41,27.49,0.09,2.41,4.21,80.0,C1
232.9,0.43,12.24,0.36,4.41,2.61,80.0,C1
233.9,0.41,11.04,0.33,3.61,1.81,80.0,C1
234.94,0.45,3.21,0.38,1.2,0.0,80.0,C1
235.97,0.3,44.95,0.14,6.22,1.4,80.0,C1
237.0,,,,,,80.0,C1
238.05,0.32,24.08,0.08,2.01,3.01,80.0,C1
239.16,0.42,16.66,0.29,4.82,3.41,80.0,C1
240.16,0.82,10.64,0.81,8.63,1.4,80.0,C1
240.95,0.66,6.42,0.31,2.01,0.4,80.0,C1
241.98,0.55,37.32,0.32,12.04,0.6,80.0,C1
243.01,0.32,35.72,0.16,5.62,1.0,80.0,C1
243.97,0.17,25.49,0.06,1.61,1.81,80.0,C1
244.94,0.61,11.64,0.6,7.02,3.01,80.0,C1
245.97,0.72,24.28,0.43,10.43,0.6,80.0,C1
247.25,0.2,27.29,0.06,1.61,0.4,80.0,C1
248.18,0.39,18.06,0.38,6.82,1.61,80.0,C1
248.96,0.29,18.06,0.27,4.82,1.0,80.0,C1
249.94,0.11,6.82,0.32,2.21,0.2,80.0,C1
251.15,0.71,14.45,0.21,3.01,0.0,80.0,C1
251.95,0.42,13.44,0.21,2.81,0.4,80.0,C1
252.98,0.72,25.89,0.71,18.46,0.2,80.0,C1
254.17,0.24,26.09,0.1,2.61,0.4,80.0,C1
254.98,1.44,13.65,0.28,3.81,0.4,80.0,C1
255.93,0.67,25.08,0.39,9.83,0.8,80.0,C1
257.01,0.46,16.66,0.19,3.21,1.61,80.0,C1
258.04,0.37,22.68,0.27,6.02,0.6,80.0,C1
258.9,0.43,10.43,0.71,7.42,2.21,80.0,C1
260.36,0.64,27.09,0.26,7.02,1.4,80.0,C1
261.08,1.11,22.48,0.13,3.01,1.2,80.0,C1
261.93,0.47,17.06,0.46,7.83,1.81,80.0,C1
263.03,0.42,31.91,0.11,3.61,2.21,80.0,C1
264.0,0.47,26.69,0.05,1.2,1.81,80.0,C1
264.96,0.45,17.86,0.25,4.41,1.61,80.0,C1
265.95,0.44,16.25,0.17,2.81,1.2,80.0,C1
267.04,0.73,17.46,0.41,7.22,0.8,80.0,C1
268.21,0.33,19.87,0.06,1.2,0.4,80.0,C1
268.95,0.42,18.46,0.11,2.01,1.0,80.0,C1
269.97,0.82,15.45,0.51,7.83,1.61,80.0,C1
271.02,0.71,33.11,0.25,8.43,1.4,80.0,C1
271.97,0.41,38.13,0.13,4.82,0.8,80.0,C1
272.99,0.83,18.26,0.46,8.43,1.61,80.0,C1
274.14,0.48,26.29,0.13,3.41,0.6,80.0,C1
275.1,0.56,19.26,0.22,4.21,0.6,80.0,C1
275.97,0.65,22.48,0.27,6.02,0.4,80.0,C1
277.0,0.77,21.67,0.56,12.24,0.8,80.0,C1
277.96,0.3,30.7,0.09,2.81,2.41,80.0,C1
278.98,0.52,25.49,0.21,5.42,2.21,80.0,C1
279.97,1.26,43.14,0.22,9.63,7.42,80.0,C1
281.31,0.22,30.9,0.05,1.61,1.2,80.0,C1
282.04,0.11,19.06,0.12,2.21,1.61,80.0,C1
282.95,,0.0,,0.0,0.0,80.0,C1
283.96,0.58,2.61,0.23,0.6,0.0,80.0,C1
284.97,0.88,10.03,0.62,6.22,1.61,80.0,C1
286.0,0.87,33.71,0.35,11.64,2.21,80.0,C1
286.98,0.4,34.31,0.07,2.41,0.8,80.0,C1
288.25,0.46,36.92,0.14,5.22,1.61,80.0,C1
289.13,0.29,26.29,0.09,2.41,0.4,80.0,C1
289.9,0.12,21.67,0.24,5.22,1.2,80.0,C1
290.93,0.73,23.68,0.33,7.83,1.61,80.0,C1
291.95,0.58,42.54,0.26,11.04,0.8,80.0,C1
292.94,0.39,21.67,0.29,6.22,3.01,80.0,C1
293.95,0.39,25.49,0.14,3.61,1.2,80.0,C1
295.0,0.36,20.87,0.16,3.41,1.0,80.0,C1
296.15,0.47,13.24,0.33,4.41,2.81,80.0,C1
296.91,1.16,19.47,0.34,6.62,1.2,80.0,C1
298.0,0.64,18.86,0.45,8.43,0.8,80.0,C1
298.97,0.25,41.74,0.08,3.41,0.4,80.0,C1
299.97,0.51,23.88,0.33,7.83,1.2,80.0,C1
300.97,0.41,37.73,0.09,3.21,1.61,80.0,C1
302.19,0.71,40.94,0.09,3.81,1.2,80.0,C1
303.11,0.61,26.69,0.06,1.61,0.8,80.0,C1
303.93,1.04,19.26,0.74,14.25,1.0,80.0,C1
305.14,0.54,31.3,0.31,9.83,2.41,80.0,C1
305.92,1.44,34.92,0.16,5.62,8.83,80.0,C1
307.01,0.47,23.68,0.57,13.44,7.02,80.0,C1
308.13,0.35,20.27,0.15,3.01,3.41,80.0,C1
309.16,0.45,17.86,0.6,10.64,5.62,80.0,C1
310.0,0.42,23.28,0.53,12.44,2.81,80.0,C1
311.01,0.78,36.92,0.71,26.29,4.21,80.0,C1
312.03,0.18,32.31,0.11,3.41,3.61,80.0,C1
312.92,0.64,24.68,0.67,16.45,5.62,80.0,C1
314.02,0.71,28.9,0.78,22.48,4.41,80.0,C1
314.99,0.33,38.93,0.2,7.63,7.42,80.0,C1
316.21,0.38,16.45,0.52,8.63,8.03,80.0,C1
317.05,0.89,23.28,0.73,17.06,6.02,80.0,C1
317.95,0.57,26.89,0.25,6.82,6.02,80.0,C1
319.07,0.13,25.69,0.03,0.8,1.2,80.0,C1
319.92,0.36,19.87,0.56,11.04,1.2,80.0,C1
321.06,0.36,36.52,0.27,9.83,0.8,80.0,C1
321.95,0.36,53.18,0.13,6.82,0.4,80.0,C1
323.17,0.27,77.26,0.52,39.93,2.01,80.0,C1
324.19,0.13,140.87,0.02,3.01,1.0,80.0,C1
324.94,0.15,86.09,0.02,1.61,3.01,80.0,C1
325.99,0.1,20.27,0.14,2.81,0.6,80.0,C1
326.99,0.6,15.65,0.37,5.82,1.4,80.0,C1
327.99,1.63,58.6,0.8,46.76,1.2,80.0,C1
328.96,1.54,99.93,0.63,62.61,1.61,80.0,C1
330.26,0.43,225.55,0.02,5.62,5.02,80.0,C1
331.21,0.46,56.79,0.04,2.01,25.28,80.0,C1
331.95,0.32,13.85,0.45,6.22,1.61,80.0,C1
332.94,0.58,9.03,0.33,3.01,0.4,80.0,C1
333.97,1.15,27.29,0.52,14.25,1.61,80.0,C1
335.05,1.91,48.56,0.42,20.47,1.2,80.0,C1
335.97,0.65,69.23,0.06,4.41,3.21,80.0,C1
337.24,0.53,46.35,0.15,7.02,1.61,80.0,C1
338.06,0.28,26.29,0.05,1.2,1.61,80.0,C1
338.97,0.27,11.64,0.24,2.81,0.6,80.0,C1
339.93,0.58,8.63,0.12,1.0,0.4,80.0,C1
341.06,0.91,15.25,0.61,9.23,0.6,80.0,C1
341.98,1.1,33.31,0.5,16.66,1.81,80.0,C1
347.01,0.67,34.31,0.33,11.44,0.8,80.0,C1
347.96,0.47,39.93,0.29,11.64,0.4,80.0,C1
352.1,0.47,20.07,0.43,8.63,1.4,80.0,C1
352.93,0.67,19.87,0.41,8.23,0.8,80.0,C1
353.96,1.26,44.35,0.64,28.5,0.6,80.0,C1
354.97,0.65,63.21,0.21,13.44,1.2,80.0,C1
355.95,0.37,41.54,0.07,3.01,3.21,80.0,C1
356.95,0.44,28.9,0.24,6.82,3.41,80.0,C1
358.19,0.43,18.66,0.3,5.62,0.6,80.0,C1
359.13,0.52,19.67,0.22,4.41,0.6,80.0,C1
360.01,0.66,10.64,0.68,7.22,2.41,80.0,C1
360.9,1.2,37.73,0.25,9.43,2.21,80.0,C1
361.95,0.44,36.52,0.24,8.83,1.2,80.0,C1
362.92,0.54,21.07,0.22,4.62,4.41,80.0,C1
363.94,0.77,30.3,0.41,12.44,4.62,80.0,C1
365.03,0.57,35.32,0.35,12.24,2.81,80.0,C1
366.18,0.31,20.27,0.12,2.41,2.01,80.0,C1
366.91,0.46,14.65,0.56,8.23,1.81,80.0,C1
367.94,0.77,21.07,0.56,11.84,0.6,80.0,C1
368.91,0.87,34.52,0.42,14.65,0.8,80.0,C1
369.93,0.49,38.73,0.09,3.41,0.4,80.0,C1
370.95,0.36,23.68,0.05,1.2,1.4,80.0,C1
371.98,0.65,13.44,0.51,6.82,1.0,80.0,C1
373.01,0.68,27.49,0.41,11.24,0.4,80.0,C1
373.95,0.79,36.52,0.41,14.85,0.4,80.0,C1
0.0,2.03,6.82,0.06,0.4,0.2,80.0,C10
1.0,1.39,1.61,0.5,0.8,0.2,80.0,C10
2.0,0.65,5.22,0.92,4.82,0.4,80.0,C10
3.0,0.6,16.05,0.38,6.02,0.4,80.0,C10
4.0,0.29,10.23,0.18,1.81,0.4,80.0,C10
5.0,0.25,9.43,0.06,0.6,0.4,80.0,C10
6.0,0.33,6.82,0.21,1.4,0.2,80.0,C10
7.0,2.19,9.83,0.43,4.21,0.2,80.0,C10
8.0,0.84,12.84,0.34,4.41,0.2,80.0,C10
9.0,0.28,12.24,0.18,2.21,0.4,80.0,C10
10.0,0.58,7.42,0.62,4.62,0.0,80.0,C10
11.0,0.8,14.25,0.34,4.82,0.6,80.0,C10
12.0,0.65,17.26,0.27,4.62,0.8,80.0,C10
13.0,0.52,15.25,0.22,3.41,0.4,80.0,C10
14.0,0.71,13.24,0.26,3.41,0.4,80.0,C10
15.0,1.0,21.67,0.35,7.63,0.6,80.0,C10
16.0,0.38,19.06,0.11,2.01,0.2,80.0,C10
17.0,0.63,15.45,0.36,5.62,1.2,80.0,C10
18.0,0.73,16.25,0.28,4.62,0.4,80.0,C10
19.0,0.55,18.66,0.24,4.41,0.8,80.0,C10
20.0,0.27,15.85,0.09,1.4,0.6,80.0,C10
21.0,0.76,14.05,0.57,8.03,0.4,80.0,C10
22.0,1.29,15.85,0.38,6.02,0.2,80.0,C10
23.0,0.35,36.92,0.1,3.81,0.6,80.0,C10
24.0,0.42,19.26,0.19,3.61,0.4,80.0,C10
25.0,0.94,9.63,0.21,2.01,1.0,80.0,C10
26.0,1.03,28.09,0.41,11.64,1.2,80.0,C10
27.0,0.77,13.44,0.46,6.22,0.0,80.0,C10
28.0,0.48,23.28,0.17,4.01,0.6,80.0,C10
29.0,0.64,25.08,0.29,7.22,0.8,80.0,C10
30.0,0.88,12.84,0.19,2.41,1.2,80.0,C10
31.0,0.83,14.65,0.29,4.21,1.0,80.0,C10
32.0,0.7,25.28,0.24,6.02,0.4,80.0,C10
33.0,0.42,24.28,0.12,2.81,0.0,80.0,C10
34.0,0.62,12.44,0.31,3.81,0.6,80.0,C10
35.0,0.95,18.66,0.35,6.62,0.4,80.0,C10
36.0,0.83,50.37,0.19,9.63,0.6,80.0,C10
37.0,0.29,27.29,0.15,4.21,0.8,80.0,C10
38.0,0.28,23.08,0.05,1.2,1.2,80.0,C10
39.0,0.53,10.84,0.24,2.61,1.2,80.0,C10
40.0,1.21,4.82,0.92,4.41,0.4,80.0,C10
41.0,1.07,13.44,0.45,6.02,0.4,80.0,C10
42.0,0.45,18.46,0.05,1.0,0.4,80.0,C10
43.0,0.59,26.49,0.25,6.62,0.6,80.0,C10
44.0,0.41,23.08,0.06,1.4,0.4,80.0,C10
45.0,0.62,20.27,0.34,6.82,0.8,80.0,C10
46.0,1.16,28.29,0.45,12.84,0.8,80.0,C10
47.0,0.5,35.32,0.11,4.01,0.6,80.0,C10
48.0,0.31,7.63,0.11,0.8,0.4,80.0,C10
49.0,0.63,7.42,0.73,5.42,0.4,80.0,C10
50.0,1.2,18.46,0.57,10.43,0.2,80.0,C10
51.0,0.75,35.52,0.21,7.63,0.4,80.0,C10
52.0,0.37,31.51,0.1,3.01,0.2,80.0,C10
53.0,0.61,25.69,0.05,1.4,0.4,80.0,C10
54.0,0.71,15.25,0.3,4.62,0.8,80.0,C10
55.0,0.51,13.65,0.19,2.61,0.4,80.0,C10
56.0,0.49,15.45,0.25,3.81,0.0,80.0,C10
57.0,0.55,16.66,0.28,4.62,0.0,80.0,C10
58.0,0.74,26.69,0.21,5.62,0.8,80.0,C10
59.0,0.6,27.89,0.25,7.02,0.2,80.0,C10
60.0,0.5,27.29,0.24,6.42,0.6,80.0,C10
61.0,0.57,24.28,0.27,6.62,1.61,80.0,C10
62.0,0.52,20.67,0.31,6.42,0.6,80.0,C10
63.0,0.54,18.46,0.4,7.42,0.4,80.0,C10
64.0,1.04,27.09,0.56,15.05,0.6,80.0,C10
65.0,0.81,23.28,0.04,1.0,0.4,80.0,C10
66.0,0.54,21.47,0.19,4.01,0.0,80.0,C10
67.0,1.0,17.46,0.32,5.62,0.2,80.0,C10
68.0,0.66,18.06,0.13,2.41,0.6,80.0,C10
69.0,0.48,12.24,0.18,2.21,0.6,80.0,C10
70.0,0.43,12.04,0.18,2.21,0.4,80.0,C10
71.0,0.73,21.67,0.4,8.63,0.4,80.0,C10
72.0,0.67,24.08,0.28,6.82,0.8,80.0,C10
73.0,0.94,28.29,0.37,10.43,0.8,80.0,C10
74.0,0.23,31.51,0.08,2.61,0.8,80.0,C10
75.0,0.24,12.64,0.03,0.4,2.01,80.0,C10
76.0,0.31,8.83,0.18,1.61,0.6,80.0,C10
77.0,0.47,11.64,0.47,5.42,0.8,80.0,C10
78.0,0.53,25.69,0.3,7.83,0.8,80.0,C10
79.0,0.56,14.85,0.36,5.42,0.2,80.0,C10
80.0,1.05,14.65,0.34,5.02,0.4,80.0,C10
81.0,0.78,32.51,0.38,12.24,0.8,80.0,C10
82.0,0.44,26.09,0.16,4.21,0.4,80.0,C10
83.0,0.3,9.63,0.15,1.4,0.4,80.0,C10
84.0,0.35,7.02,0.77,5.42,0.6,80.0,C10
85.0,0.42,5.42,0.52,2.81,0.6,80.0,C10
86.0,0.81,8.03,0.9,7.22,0.0,80.0,C10
87.0,0.43,24.08,0.33,8.03,0.4,80.0,C10
88.0,0.78,18.86,0.84,15.85,0.2,80.0,C10
89.0,0.41,23.88,0.25,6.02,0.8,80.0,C10
90.0,0.57,22.27,0.37,8.23,0.6,80.0,C10
91.0,0.45,20.47,0.4,8.23,0.0,80.0,C10
92.0,0.67,12.04,0.5,6.02,0.0,80.0,C10
93.0,0.62,11.24,0.45,5.02,0.4,80.0,C10
94.0,0.47,15.05,1.0,15.05,0.2,80.0,C10
95.0,0.41,22.48,0.43,9.63,0.0,80.0,C10
96.0,0.37,20.47,0.4,8.23,0.4,80.0,C10
97.0,0.37,11.24,0.41,4.62,0.0,80.0,C10
98.0,0.35,9.83,0.43,4.21,0.8,80.0,C10
99.0,0.41,8.03,0.8,6.42,0.0,80.0,C10
100.0,0.5,14.05,0.81,11.44,0.8,80.0,C10
101.0,0.69,17.66,1.07,18.86,0.6,80.0,C10
102.0,0.68,25.69,0.41,10.43,0.6,80.0,C10
103.0,0.54,30.9,0.33,10.23,0.8,80.0,C10
104.0,0.35,16.86,0.17,2.81,0.4,80.0,C10
105.0,0.33,10.84,0.22,2.41,0.6,80.0,C10
106.0,0.55,11.04,0.55,6.02,0.4,80.0,C10
107.0,0.57,12.24,0.9,11.04,0.2,80.0,C10
108.0,2.1,13.65,0.91,12.44,0.4,80.0,C10
109.0,0.48,18.86,0.52,9.83,0.6,80.0,C10
110.0,0.28,21.07,0.28,5.82,0.4,80.0,C10
111.0,0.39,11.64,0.84,9.83,0.2,80.0,C10
112.0,0.37,14.65,0.71,10.43,0.8,80.0,C10
113.0,0.44,14.25,0.66,9.43,0.4,80.0,C10
114.0,0.34,17.86,0.29,5.22,0.6,80.0,C10
115.0,0.59,11.64,0.24,2.81,0.8,80.0,C10
116.0,0.45,16.05,0.45,7.22,1.0,80.0,C10
117.0,0.56,15.25,0.64,9.83,0.6,80.0,C10
118.0,0.48,5.62,0.54,3.01,0.8,80.0,C10
119.0,0.38,6.02,0.37,2.21,0.4,80.0,C10
120.0,0.53,5.62,1.14,6.42,0.4,80.0,C10
121.0,0.38,7.63,0.37,2.81,0.4,80.0,C10
122.0,0.47,10.84,0.33,3.61,0.4,80.0,C10
123.0,0.44,6.02,0.7,4.21,0.4,80.0,C10
124.0,0.41,7.63,0.45,3.41,0.4,80.0,C10
125.0,0.4,3.01,0.4,1.2,0.0,80.0,C10
126.0,0.45,5.22,0.69,3.61,0.0,80.0,C10
127.0,0.48,9.43,0.47,4.41,0.4,80.0,C10
128.0,0.36,4.62,0.52,2.41,0.4,80.0,C10
129.0,0.4,4.41,0.59,2.61,0.0,80.0,C10
130.0,0.29,4.01,0.6,2.41,0.4,80.0,C10
131.0,0.29,3.21,1.0,3.21,0.6,80.0,C10
132.0,0.31,2.41,1.08,2.61,0.4,80.0,C10
133.0,0.47,2.41,0.67,1.61,0.0,80.0,C10
134.0,0.5,9.03,0.87,7.83,0.0,80.0,C10
135.0,0.43,8.43,0.69,5.82,0.2,80.0,C10
136.0,0.51,6.42,0.84,5.42,0.4,80.0,C10
137.0,0.34,10.84,0.74,8.03,0.0,80.0,C10
138.0,0.32,12.04,0.4,4.82,0.0,80.0,C10
139.0,0.39,10.84,0.56,6.02,0.0,80.0,C10
140.0,0.34,6.42,0.88,5.62,0.0,80.0,C10
141.0,0.41,8.23,1.2,9.83,0.2,80.0,C10
142.0,0.34,14.45,0.82,11.84,0.2,80.0,C10
143.0,0.42,8.63,0.77,6.62,0.0,80.0,C10
144.0,0.34,9.63,0.54,5.22,0.2,80.0,C10
145.0,0.36,14.05,0.37,5.22,0.8,80.0,C10
146.0,0.28,10.64,0.23,2.41,0.4,80.0,C10
147.0,0.38,10.23,0.57,5.82,0.0,80.0,C10
148.0,0.31,22.27,0.77,17.06,0.6,80.0,C10
149.0,0.33,14.45,0.6,8.63,0.2,80.0,C10
150.0,0.28,13.85,0.45,6.22,0.0,80.0,C10
151.0,0.33,11.64,0.62,7.22,0.0,80.0,C10
152.0,0.35,8.03,0.65,5.22,0.4,80.0,C10
153.0,0.44,7.42,0.59,4.41,0.4,80.0,C10
154.0,0.53,14.65,0.7,10.23,0.6,80.0,C10
155.0,0.47,21.47,0.57,12.24,0.0,80.0,C10
156.0,0.45,14.65,0.6,8.83,0.0,80.0,C10
157.0,0.46,24.68,0.46,11.24,0.4,80.0,C10
158.0,0.33,13.44,0.39,5.22,0.2,80.0,C10
159.0,0.34,11.04,0.6,6.62,0.0,80.0,C10
160.0,0.23,7.42,0.35,2.61,0.0,80.0,C10
161.0,0.29,10.23,0.49,5.02,0.2,80.0,C10
162.0,0.29,11.24,0.71,8.03,0.4,80.0,C10
163.0,0.4,5.22,0.69,3.61,0.4,80.0,C10
164.0,1.66,9.43,0.57,5.42,0.8,80.0,C10
165.0,0.44,8.03,0.75,6.02,0.4,80.0,C10
166.0,0.28,16.45,0.48,7.83,0.6,80.0,C10
167.0,,,,,,80.0,C10
168.0,0.31,10.43,0.33,3.41,0.8,80.0,C10
169.0,0.37,9.03,1.07,9.63,0.4,80.0,C10
170.0,0.4,7.83,1.03,8.03,0.2,80.0,C10
171.0,0.28,12.44,0.58,7.22,0.6,80.0,C10
172.0,0.18,14.45,0.36,5.22,0.0,80.0,C10
173.0,0.15,9.83,0.18,1.81,0.6,80.0,C10
174.0,0.34,2.41,0.58,1.4,0.0,80.0,C10
175.0,0.31,3.61,0.33,1.2,0.0,80.0,C10
176.0,0.28,5.82,1.03,6.02,0.0,80.0,C10
177.0,0.23,9.03,0.6,5.42,0.2,80.0,C10
178.0,0.19,0.8,1.0,0.8,0.0,80.0,C10
179.0,0.28,1.2,0.67,0.8,0.0,80.0,C10
180.0,0.24,4.82,0.33,1.61,0.4,80.0,C10
181.0,0.24,5.42,0.48,2.61,0.0,80.0,C10
182.0,0.27,11.64,0.47,5.42,0.0,80.0,C10
183.0,0.48,9.63,0.6,5.82,0.2,80.0,C10
184.0,0.23,6.02,0.23,1.4,0.6,80.0,C10
185.0,0.22,3.41,0.41,1.4,0.0,80.0,C10
186.0,0.89,9.63,0.42,4.01,0.8,80.0,C10
187.0,0.18,4.41,0.14,0.6,0.0,80.0,C10
188.0,0.2,5.22,0.31,1.61,0.0,80.0,C10
189.0,0.24,3.81,0.42,1.61,0.0,80.0,C10
190.0,0.22,4.01,0.9,3.61,0.2,80.0,C10
191.0,0.27,9.63,0.35,3.41,0.0,80.0,C10
192.0,0.26,5.22,0.92,4.82,0.2,80.0,C10
193.0,0.27,7.83,0.59,4.62,0.4,80.0,C10
194.0,0.16,5.82,0.72,4.21,1.4,80.0,C10
195.0,0.29,8.83,0.48,4.21,0.0,80.0,C10
196.0,0.24,4.82,0.54,2.61,0.4,80.0,C10
197.0,0.2,2.41,0.58,1.4,0.8,80.0,C10
0.0,1.63,0.6,1.33,0.8,0.0,80.0,C2
1.0,0.8,0.4,1.0,0.4,0.0,80.0,C2
2.0,0.64,10.23,0.47,4.82,0.6,80.0,C2
3.0,0.4,17.26,0.23,4.01,0.0,80.0,C2
4.0,0.16,6.42,0.16,1.0,0.2,80.0,C2
5.0,0.14,3.81,0.42,1.61,0.2,80.0,C2
6.0,0.26,1.4,0.43,0.6,0.0,80.0,C2
7.0,1.22,3.61,0.22,0.8,0.0,80.0,C2
8.0,0.95,4.82,0.5,2.41,0.4,80.0,C2
9.0,0.39,23.08,0.22,5.02,0.2,80.0,C2
10.0,0.12,18.06,0.1,1.81,0.6,80.0,C2
11.0,0.13,3.61,0.11,0.4,0.4,80.0,C2
12.0,0.45,2.41,0.25,0.6,0.4,80.0,C2
13.0,0.61,4.62,0.91,4.21,0.2,80.0,C2
14.0,1.14,9.43,0.38,3.61,0.4,80.0,C2
15.0,0.63,25.28,0.23,5.82,0.4,80.0,C2
16.0,0.13,14.05,0.14,2.01,0.0,80.0,C2
17.0,0.4,7.63,0.26,2.01,0.8,80.0,C2
18.0,0.73,7.02,0.57,4.01,0.2,80.0,C2
19.0,0.44,27.69,0.15,4.21,0.8,80.0,C2
20.0,0.35,21.07,0.11,2.41,0.0,80.0,C2
21.0,0.24,20.47,0.06,1.2,0.6,80.0,C2
22.0,0.46,22.07,0.25,5.62,0.2,80.0,C2
23.0,1.03,16.86,0.38,6.42,0.4,80.0,C2
24.0,0.49,24.28,0.1,2.41,0.4,80.0,C2
25.0,0.31,14.65,0.14,2.01,0.4,80.0,C2
26.0,0.66,6.82,0.44,3.01,0.4,80.0,C2
27.0,0.77,10.43,0.5,5.22,0.4,80.0,C2
28.0,0.56,27.29,0.11,3.01,0.4,80.0,C2
29.0,0.18,39.73,0.09,3.61,0.8,80.0,C2
30.0,0.22,21.67,0.07,1.61,1.0,80.0,C2
31.0,0.46,7.22,0.75,5.42,0.4,80.0,C2
32.0,0.74,10.03,0.3,3.01,0.6,80.0,C2
33.0,0.66,15.05,0.2,3.01,0.2,80.0,C2
34.0,0.56,7.63,0.24,1.81,0.4,80.0,C2
35.0,0.76,22.07,0.36,8.03,0.4,80.0,C2
36.0,0.43,24.88,0.15,3.61,0.2,80.0,C2
37.0,0.48,23.48,0.22,5.22,0.6,80.0,C2
38.0,0.75,13.44,0.25,3.41,0.2,80.0,C2
39.0,0.45,16.66,0.06,1.0,0.2,80.0,C2
40.0,0.36,10.23,0.24,2.41,0.6,80.0,C2
41.0,0.55,5.82,0.52,3.01,0.0,80.0,C2
42.0,0.85,12.24,0.8,9.83,0.0,80.0,C2
43.0,0.64,40.33,0.28,11.24,0.2,80.0,C2
44.0,0.45,48.96,0.16,7.63,0.6,80.0,C2
45.0,0.5,21.47,0.07,1.4,0.4,80.0,C2
46.0,0.61,14.05,0.29,4.01,0.4,80.0,C2
47.0,0.57,12.44,0.34,4.21,0.6,80.0,C2
48.0,0.5,12.04,0.2,2.41,0.0,80.0,C2
49.0,0.66,10.64,0.53,5.62,0.4,80.0,C2
50.0,0.79,13.65,0.21,2.81,0.0,80.0,C2
51.0,0.9,24.68,0.41,10.03,0.6,80.0,C2
52.0,0.49,20.47,0.09,1.81,0.8,80.0,C2
53.0,0.57,16.25,0.25,4.01,0.8,80.0,C2
54.0,0.69,15.25,0.32,4.82,0.4,80.0,C2
55.0,0.63,19.47,0.36,7.02,0.8,80.0,C2
56.0,1.05,38.93,0.45,17.46,0.4,80.0,C2
57.0,0.43,32.91,0.09,3.01,0.8,80.0,C2
58.0,0.44,19.67,0.13,2.61,0.4,80.0,C2
59.0,0.51,26.49,0.28,7.42,0.6,80.0,C2
60.0,0.6,16.86,0.3,5.02,0.8,80.0,C2
61.0,0.42,10.64,0.11,1.2,0.4,80.0,C2
62.0,0.44,24.68,0.27,6.62,0.8,80.0,C2
63.0,0.53,20.87,0.37,7.63,0.4,80.0,C2
64.0,0.83,32.31,0.32,10.43,0.6,80.0,C2
65.0,0.6,36.32,0.18,6.62,0.0,80.0,C2
66.0,0.25,21.67,0.04,0.8,0.6,80.0,C2
67.0,0.28,7.83,0.1,0.8,1.0,80.0,C2
68.0,0.35,3.21,0.25,0.8,0.8,80.0,C2
69.0,0.65,11.84,0.39,4.62,0.6,80.0,C2
70.0,0.8,10.64,0.26,2.81,0.2,80.0,C2
71.0,0.69,31.1,0.26,8.23,0.0,80.0,C2
72.0,0.98,32.11,0.42,13.65,0.2,80.0,C2
73.0,0.95,42.54,0.59,25.28,2.61,80.0,C2
74.0,0.29,28.29,0.02,0.6,1.4,80.0,C2
75.0,0.26,8.03,0.03,0.2,1.2,80.0,C2
76.0,0.42,7.42,0.41,3.01,0.6,80.0,C2
77.0,0.61,4.01,0.75,3.01,0.0,80.0,C2
78.0,1.23,6.82,0.41,2.81,0.6,80.0,C2
79.0,1.14,29.9,0.5,15.05,0.4,80.0,C2
80.0,0.59,30.7,0.22,6.62,0.4,80.0,C2
81.0,0.51,21.47,0.16,3.41,0.4,80.0,C2
82.0,0.51,15.45,0.26,4.01,0.4,80.0,C2
83.0,0.36,25.28,0.39,9.83,0.0,80.0,C2
84.0,0.83,33.11,0.52,17.26,0.6,80.0,C2
85.0,1.08,34.11,0.71,24.08,1.0,80.0,C2
86.0,0.22,30.1,0.1,3.01,1.2,80.0,C2
87.0,0.39,13.65,0.21,2.81,1.61,80.0,C2
88.0,0.56,17.26,0.24,4.21,0.4,80.0,C2
89.0,0.7,14.05,0.37,5.22,0.8,80.0,C2
90.0,0.62,22.27,0.23,5.22,0.6,80.0,C2
91.0,0.61,21.47,0.37,8.03,0.6,80.0,C2
92.0,0.64,21.27,0.36,7.63,0.2,80.0,C2
93.0,1.03,16.05,0.59,9.43,0.4,80.0,C2
94.0,0.35,25.49,0.09,2.21,0.4,80.0,C2
95.0,0.41,9.43,0.53,5.02,0.8,80.0,C2
96.0,0.68,12.64,0.37,4.62,0.4,80.0,C2
97.0,0.74,13.85,0.36,5.02,0.8,80.0,C2
98.0,0.76,24.88,0.36,9.03,0.6,80.0,C2
99.0,0.75,32.51,1.01,32.91,1.0,80.0,C2
100.0,0.52,29.5,0.16,4.82,0.8,80.0,C2
101.0,1.76,25.28,1.1,27.69,1.4,80.0,C2
102.0,0.73,40.54,0.22,9.03,0.6,80.0,C2
103.0,0.24,22.68,0.12,2.81,1.0,80.0,C2
104.0,0.47,7.22,0.89,6.42,2.21,80.0,C2
105.0,0.84,17.66,0.57,10.03,0.8,80.0,C2
106.0,0.59,16.05,0.21,3.41,0.4,80.0,C2
107.0,1.47,17.86,1.09,19.47,1.61,80.0,C2
108.0,0.44,28.09,0.09,2.41,1.0,80.0,C2
109.0,0.26,12.44,0.03,0.4,0.8,80.0,C2
110.0,0.35,3.61,0.5,1.81,0.6,80.0,C2
111.0,0.42,3.21,0.88,2.81,0.4,80.0,C2
112.0,0.82,7.63,0.68,5.22,0.6,80.0,C2
113.0,1.1,10.64,0.64,6.82,0.4,80.0,C2
114.0,0.73,23.68,0.31,7.42,0.8,80.0,C2
115.0,0.4,16.66,0.16,2.61,0.4,80.0,C2
116.0,1.03,15.85,0.58,9.23,1.4,80.0,C2
117.0,0.66,25.28,0.32,8.03,0.8,80.0,C2
118.0,0.33,18.66,0.17,3.21,0.8,80.0,C2
119.0,0.84,17.06,1.0,17.06,0.6,80.0,C2
120.0,0.46,34.52,0.1,3.61,0.4,80.0,C2
121.0,0.56,10.84,0.52,5.62,1.0,80.0,C2
122.0,0.85,12.64,0.79,10.03,0.8,80.0,C2
123.0,0.71,19.06,0.54,10.23,0.2,80.0,C2
124.0,0.3,12.24,0.08,1.0,0.8,80.0,C2
125.0,0.39,10.84,0.72,7.83,0.6,80.0,C2
126.0,0.7,13.65,0.81,11.04,0.4,80.0,C2
127.0,1.12,22.27,0.87,19.47,1.0,80.0,C2
128.0,0.44,36.52,0.08,2.81,0.8,80.0,C2
129.0,0.4,16.45,0.24,4.01,1.61,80.0,C2
130.0,0.3,12.84,0.25,3.21,2.21,80.0,C2
131.0,0.48,13.65,0.46,6.22,0.4,80.0,C2
132.0,0.62,18.66,0.88,16.45,0.6,80.0,C2
133.0,1.85,,,,,80.0,C2
134.0,0.36,50.77,0.11,5.42,1.2,80.0,C2
135.0,0.15,17.26,0.02,0.4,0.4,80.0,C2
136.0,0.33,6.42,0.91,5.82,0.8,80.0,C2
137.0,0.85,12.44,1.06,13.24,0.6,80.0,C2
138.0,0.34,22.48,0.14,3.21,0.8,80.0,C2
139.0,0.4,11.84,0.17,2.01,1.2,80.0,C2
140.0,0.4,21.87,0.38,8.23,2.81,80.0,C2
141.0,0.33,20.27,0.66,13.44,0.6,80.0,C2
142.0,0.32,19.87,0.22,4.41,1.0,80.0,C2
143.0,0.39,17.06,0.53,9.03,2.21,80.0,C2
144.0,0.46,9.03,0.58,5.22,2.21,80.0,C2
145.0,0.46,8.23,0.59,4.82,1.2,80.0,C2
146.0,0.46,17.46,0.55,9.63,1.4,80.0,C2
147.0,0.49,19.87,0.42,8.43,1.0,80.0,C2
148.0,0.47,15.85,0.42,6.62,2.61,80.0,C2
149.0,1.23,20.07,0.58,11.64,0.8,80.0,C2
150.0,0.46,32.31,0.23,7.42,1.61,80.0,C2
151.0,0.83,24.28,0.61,14.85,2.81,80.0,C2
152.0,0.22,18.46,0.05,1.0,1.0,80.0,C2
153.0,0.2,12.64,0.79,10.03,0.8,80.0,C2
154.0,0.21,4.21,0.76,3.21,1.0,80.0,C2
155.0,0.75,2.81,1.43,4.01,0.4,80.0,C2
156.0,0.64,6.42,1.31,8.43,0.6,80.0,C2
157.0,1.32,9.23,0.39,3.61,0.2,80.0,C2
158.0,0.54,31.71,0.29,9.23,4.21,80.0,C2
159.0,,,,,,80.0,C2
160.0,0.38,11.24,0.48,5.42,3.61,80.0,C2
161.0,0.8,10.64,0.53,5.62,0.6,80.0,C2
162.0,1.01,8.83,1.41,12.44,0.6,80.0,C2
163.0,0.47,23.88,0.39,9.23,0.0,80.0,C2
164.0,0.36,14.45,0.36,5.22,0.0,80.0,C2
165.0,0.32,9.83,0.18,1.81,0.6,80.0,C2
166.0,0.41,8.83,0.8,7.02,0.8,80.0,C2
167.0,0.74,14.25,0.72,10.23,0.6,80.0,C2
168.0,0.64,23.88,0.51,12.24,1.4,80.0,C2
169.0,0.56,28.09,0.48,13.44,1.2,80.0,C2
170.0,0.46,1.4,0.43,0.6,1.2,80.0,C2
171.0,0.71,5.42,0.26,1.4,0.8,80.0,C2
172.0,0.53,15.25,0.21,3.21,1.81,80.0,C2
173.0,0.3,10.03,0.04,0.4,1.2,80.0,C2
174.0,0.26,11.84,0.08,1.0,0.6,80.0,C2
175.0,0.62,7.22,0.33,2.41,1.2,80.0,C2
176.0,0.77,12.44,0.6,7.42,0.8,80.0,C2
177.0,0.74,4.01,0.35,1.4,0.6,80.0,C2
178.0,0.29,19.06,0.16,3.01,0.8,80.0,C2
179.0,0.39,9.23,0.52,4.82,1.4,80.0,C2
180.0,0.41,11.44,0.16,1.81,1.4,80.0,C2
181.0,1.04,11.04,0.16,1.81,1.4,80.0,C2
182.0,0.44,9.23,0.11,1.0,2.41,80.0,C2
183.0,0.21,14.45,0.07,1.0,1.0,80.0,C2
184.0,0.11,5.82,0.17,1.0,0.6,80.0,C2
185.0,0.42,5.62,0.64,3.61,1.0,80.0,C2
186.0,0.45,6.02,0.4,2.41,0.2,80.0,C2
187.0,0.37,12.44,0.29,3.61,0.0,80.0,C2
188.0,0.53,8.03,0.35,2.81,0.8,80.0,C2
189.0,0.44,5.02,0.28,1.4,0.2,80.0,C2
0.0,1.23,7.42,0.03,0.2,0.0,80.0,C3
1.03,0.63,,,,,80.0,C3
2.18,0.12,15.65,0.23,3.61,0.0,80.0,C3
3.21,0.58,16.86,0.02,0.4,0.0,80.0,C3
4.03,0.28,7.83,0.67,5.22,0.8,80.0,C3
5.06,0.17,12.84,0.09,1.2,0.4,80.0,C3
6.03,0.22,15.65,0.05,0.8,0.0,80.0,C3
6.98,0.41,14.25,0.2,2.81,0.0,80.0,C3
8.0,0.15,22.07,0.06,1.4,0.8,80.0,C3
9.09,0.19,26.89,0.02,0.6,0.8,80.0,C3
10.15,0.54,16.05,0.45,7.22,1.0,80.0,C3
10.99,0.3,30.9,0.31,9.63,0.8,80.0,C3
12.01,0.22,20.27,0.1,2.01,0.0,80.0,C3
13.06,0.34,20.07,0.49,9.83,3.01,80.0,C3
14.02,0.26,25.69,0.02,0.6,1.0,80.0,C3
15.0,0.77,21.67,0.83,18.06,1.4,80.0,C3
16.09,0.34,31.91,0.19,6.22,3.61,80.0,C3
17.06,0.23,20.87,0.04,0.8,2.61,80.0,C3
17.99,0.84,12.24,0.69,8.43,2.81,80.0,C3
19.02,0.91,22.88,0.91,20.87,4.21,80.0,C3
20.01,0.26,38.73,0.04,1.61,1.81,80.0,C3
21.02,0.36,11.24,0.27,3.01,4.21,80.0,C3
22.09,0.35,28.9,0.5,14.45,0.8,80.0,C3
23.27,0.41,43.95,0.28,12.24,0.4,80.0,C3
24.13,0.24,29.5,0.2,6.02,1.81,80.0,C3
25.0,0.21,21.27,0.19,4.01,1.2,80.0,C3
26.03,0.25,29.9,0.29,8.63,2.21,80.0,C3
27.13,0.31,30.1,0.24,7.22,5.02,80.0,C3
28.09,0.32,28.7,0.27,7.63,2.21,80.0,C3
29.02,0.28,19.87,0.19,3.81,1.0,80.0,C3
30.25,0.11,37.73,0.17,6.42,2.61,80.0,C3
30.99,0.28,25.89,0.08,2.01,3.01,80.0,C3
32.04,0.27,12.04,1.23,14.85,3.61,80.0,C3
33.01,0.25,25.69,0.17,4.41,1.4,80.0,C3
34.01,0.11,19.26,0.11,2.21,1.2,80.0,C3
35.07,0.44,5.42,0.41,2.21,1.61,80.0,C3
36.02,0.14,10.23,0.22,2.21,0.4,80.0,C3
37.06,0.3,16.25,0.3,4.82,2.61,80.0,C3
38.17,0.38,15.25,0.33,5.02,1.81,80.0,C3
39.01,0.29,16.86,0.05,0.8,2.01,80.0,C3
40.02,0.47,23.88,0.29,6.82,1.4,80.0,C3
41.03,0.46,20.07,0.27,5.42,2.21,80.0,C3
42.07,0.46,18.26,0.2,3.61,2.01,80.0,C3
43.02,0.52,9.43,0.3,2.81,2.01,80.0,C3
44.13,0.51,19.47,0.4,7.83,2.21,80.0,C3
45.13,0.4,19.87,0.24,4.82,1.2,80.0,C3
46.22,0.43,11.64,0.45,5.22,1.0,80.0,C3
47.0,0.61,26.89,0.36,9.63,1.61,80.0,C3
48.01,0.36,40.74,0.32,12.84,0.4,80.0,C3
48.98,0.18,34.72,0.09,3.21,0.0,80.0,C3
50.01,0.18,18.26,0.15,2.81,0.2,80.0,C3
51.26,0.2,9.83,0.2,2.01,,80.0,C3
52.13,0.28,7.22,0.11,0.8,0.4,80.0,C3
52.99,0.82,5.02,0.44,2.21,2.21,80.0,C3
54.03,0.38,10.23,0.59,6.02,0.4,80.0,C3
55.0,0.39,15.25,0.49,7.42,0.0,80.0,C3
56.17,0.27,30.7,0.14,4.21,0.4,80.0,C3
57.11,0.31,28.7,0.08,2.21,0.0,80.0,C3
58.18,0.4,16.25,0.14,2.21,0.8,80.0,C3
59.11,0.24,8.83,0.05,0.4,1.61,80.0,C3
60.05,0.23,2.61,0.46,1.2,0.4,80.0,C3
60.99,0.53,10.23,0.59,6.02,1.2,80.0,C3
62.05,1.13,18.26,0.87,15.85,4.41,80.0,C3
63.03,0.67,42.94,0.21,8.83,1.4,80.0,C3
64.02,0.36,36.72,0.18,6.62,2.61,80.0,C3
65.09,0.23,26.89,0.14,3.81,1.81,80.0,C3
66.15,0.16,13.44,0.06,0.8,2.21,80.0,C3
67.02,0.25,4.41,0.55,2.41,1.0,80.0,C3
67.98,0.93,6.62,0.7,4.62,9.03,80.0,C3
68.95,0.94,11.24,0.57,6.42,4.21,80.0,C3
69.99,0.71,28.5,0.23,6.62,0.4,80.0,C3
71.0,0.41,24.48,0.2,5.02,1.4,80.0,C3
72.09,0.46,27.89,0.29,8.03,7.02,80.0,C3
72.96,0.32,19.67,0.07,1.4,4.01,80.0,C3
73.95,0.3,9.63,0.19,1.81,3.81,80.0,C3
74.99,0.59,,,,,80.0,C3
75.99,0.83,15.25,0.88,13.44,5.02,80.0,C3
77.0,0.6,22.27,0.26,5.82,2.01,80.0,C3
78.04,0.46,20.67,0.24,5.02,,80.0,C3
78.96,0.25,10.64,0.21,2.21,,80.0,C3
80.07,0.52,13.24,0.62,8.23,,80.0,C3
80.99,0.4,13.24,0.15,2.01,,80.0,C3
82.01,0.72,18.26,0.29,5.22,0.6,80.0,C3
83.0,0.68,27.09,0.21,5.82,1.0,80.0,C3
84.03,0.3,21.47,0.03,0.6,1.4,80.0,C3
85.02,0.29,9.23,0.07,0.6,1.0,80.0,C3
85.99,0.44,10.43,0.46,4.82,1.2,80.0,C3
87.08,0.29,12.64,0.14,1.81,0.6,80.0,C3
88.01,0.3,11.84,0.29,3.41,3.21,80.0,C3
89.03,1.23,9.63,0.27,2.61,0.4,80.0,C3
90.04,0.69,21.27,0.42,8.83,0.4,80.0,C3
91.0,0.53,27.49,0.16,4.41,0.4,80.0,C3
92.07,0.44,26.49,0.21,5.62,1.4,80.0,C3
93.1,0.5,23.08,0.23,5.22,0.6,80.0,C3
94.13,2.12,15.85,0.25,4.01,1.81,80.0,C3
95.13,0.79,29.1,0.14,4.01,2.01,80.0,C3
96.01,0.24,26.89,0.09,2.41,0.6,80.0,C3
97.07,0.51,5.22,0.54,2.81,3.61,80.0,C3
98.05,0.58,17.26,0.47,8.03,2.61,80.0,C3
99.04,0.5,26.89,0.34,9.23,1.2,80.0,C3
100.09,0.63,30.9,0.18,5.62,1.2,80.0,C3
101.15,0.27,20.47,0.03,0.6,1.61,80.0,C3
102.02,0.27,8.83,0.07,0.6,0.6,80.0,C3
103.06,0.95,9.03,0.2,1.81,1.2,80.0,C3
104.02,0.96,17.66,0.39,6.82,1.0,80.0,C3
105.02,0.5,48.16,0.16,7.83,1.0,80.0,C3
105.99,0.28,35.32,0.1,3.41,0.4,80.0,C3
107.09,0.39,14.65,0.16,2.41,0.8,80.0,C3
108.24,0.36,19.67,0.18,3.61,0.4,80.0,C3
109.01,0.42,5.42,0.19,1.0,0.4,80.0,C3
109.99,0.44,1.61,0.5,0.8,0.4,80.0,C3
110.98,0.74,20.27,0.51,10.43,2.81,80.0,C3
112.02,0.51,25.28,0.27,6.82,0.8,80.0,C3
113.0,0.22,33.71,0.06,2.01,0.6,80.0,C3
114.27,0.33,14.45,0.19,2.81,1.2,80.0,C3
115.07,0.36,25.49,0.15,3.81,1.4,80.0,C3
116.01,0.33,11.24,0.21,2.41,0.8,80.0,C3
117.01,0.43,15.65,0.21,3.21,1.61,80.0,C3
118.02,0.32,6.02,0.07,0.4,0.8,80.0,C3
119.0,0.31,18.06,0.23,4.21,2.81,80.0,C3
120.02,0.21,10.64,0.09,1.0,,80.0,C3
121.13,0.47,15.25,0.28,4.21,0.6,80.0,C3
122.17,0.32,9.63,0.19,1.81,0.6,80.0,C3
123.02,0.3,6.62,0.21,1.4,0.8,80.0,C3
123.99,0.47,7.63,0.47,3.61,1.0,80.0,C3
125.01,0.74,8.03,0.33,2.61,1.0,80.0,C3
126.01,0.36,34.72,0.16,5.42,0.4,80.0,C3
127.01,0.27,7.83,0.15,1.2,1.2,80.0,C3
128.09,0.44,14.25,0.34,4.82,1.2,80.0,C3
129.31,0.36,22.27,0.11,2.41,1.61,80.0,C3
130.0,0.27,15.45,0.12,1.81,0.4,80.0,C3
131.0,0.28,5.62,0.25,1.4,0.8,80.0,C3
131.99,0.18,7.63,0.13,1.0,0.6,80.0,C3
133.05,0.48,8.03,0.35,2.81,1.2,80.0,C3
133.99,0.61,18.06,0.34,6.22,0.8,80.0,C3
135.01,0.64,25.49,0.28,7.22,0.8,80.0,C3
136.15,0.36,18.86,0.05,1.0,0.6,80.0,C3
137.02,0.51,15.25,0.37,5.62,0.8,80.0,C3
138.02,0.63,14.25,0.17,2.41,1.2,80.0,C3
138.98,0.58,24.28,0.26,6.22,0.4,80.0,C3
140.06,0.36,24.88,0.14,3.41,1.0,80.0,C3
140.95,0.23,11.64,0.22,2.61,1.2,80.0,C3
142.09,0.51,9.43,0.38,3.61,0.4,80.0,C3
143.17,0.31,10.43,0.04,0.4,0.4,80.0,C3
144.01,0.61,6.02,0.2,1.2,0.0,80.0,C3
145.02,0.3,6.22,0.29,1.81,0.0,80.0,C3
146.05,0.5,7.22,0.33,2.41,0.0,80.0,C3
147.04,1.48,11.44,0.09,1.0,0.4,80.0,C3
147.97,0.45,13.65,0.09,1.2,0.0,80.0,C3
149.09,0.39,14.85,0.18,2.61,0.0,80.0,C3
150.02,0.27,17.26,0.13,2.21,0.0,80.0,C3
151.0,0.51,12.84,0.2,2.61,0.0,80.0,C3
152.01,0.43,25.08,0.16,4.01,0.4,80.0,C3
153.0,0.26,16.66,0.07,1.2,0.6,80.0,C3
153.98,0.17,17.86,0.09,1.61,0.4,80.0,C3
155.04,0.24,5.02,0.28,1.4,6.42,80.0,C3
156.13,0.29,4.41,0.32,1.4,0.0,80.0,C3
157.19,0.32,8.43,0.19,1.61,0.4,80.0,C3
158.01,0.26,4.41,0.18,0.8,0.2,80.0,C3
159.06,0.31,4.21,0.19,0.8,0.0,80.0,C3
159.99,0.33,0.4,1.0,0.4,1.0,80.0,C3
161.02,0.42,11.84,0.37,4.41,0.4,80.0,C3
162.0,0.39,26.09,0.16,4.21,0.0,80.0,C3
163.34,0.26,28.7,0.13,3.81,0.0,80.0,C3
164.43,0.17,4.41,0.09,0.4,0.0,80.0,C3
164.99,0.34,9.23,0.17,1.61,1.0,80.0,C3
166.03,0.45,11.44,0.28,3.21,0.6,80.0,C3
167.06,0.43,11.44,0.44,5.02,0.0,80.0,C3
168.0,0.37,18.26,0.24,4.41,0.8,80.0,C3
169.0,0.4,18.46,0.18,3.41,0.4,80.0,C3
170.14,0.31,23.08,0.15,3.41,0.2,80.0,C3
171.12,0.1,13.24,0.14,1.81,0.0,80.0,C3
172.0,0.25,5.62,0.14,0.8,1.61,80.0,C3
172.97,0.3,6.42,0.44,2.81,0.6,80.0,C3
174.0,0.27,3.41,0.35,1.2,0.2,80.0,C3
175.05,0.35,1.4,0.14,0.2,0.0,80.0,C3
176.04,0.39,10.23,0.33,3.41,0.4,80.0,C3
177.24,0.24,14.45,0.08,1.2,0.0,80.0,C3
178.06,0.17,13.04,0.08,1.0,0.0,80.0,C3
178.98,0.33,10.03,0.06,0.6,0.4,80.0,C3
180.05,0.32,8.63,0.21,1.81,0.0,80.0,C3
181.04,0.2,9.63,0.25,2.41,0.0,80.0,C3
0.0,1.54,11.04,0.02,0.2,0.0,80.0,C4
0.94,1.65,7.02,0.49,3.41,0.8,80.0,C4
2.2,1.51,10.03,0.74,7.42,1.61,80.0,C4
3.15,1.07,20.67,1.01,20.87,1.81,80.0,C4
4.1,0.46,32.31,0.22,7.22,4.21,80.0,C4
4.97,0.36,14.45,0.35,5.02,5.22,80.0,C4
5.94,0.95,14.05,0.67,9.43,2.01,80.0,C4
6.99,1.22,18.06,0.92,16.66,1.61,80.0,C4
7.98,0.69,30.3,0.37,11.24,0.8,80.0,C4
9.01,0.25,13.65,0.18,2.41,2.61,80.0,C4
9.95,0.49,11.44,0.4,4.62,2.81,80.0,C4
11.1,1.11,12.04,0.37,4.41,0.4,80.0,C4
12.01,1.18,14.05,0.56,7.83,0.4,80.0,C4
12.97,0.91,22.68,0.52,11.84,0.6,80.0,C4
13.95,0.34,25.89,0.18,4.62,0.8,80.0,C4
14.98,0.29,12.24,0.48,5.82,1.2,80.0,C4
16.0,0.58,16.86,0.36,6.02,0.0,80.0,C4
17.17,1.37,17.26,0.53,9.23,2.41,80.0,C4
18.07,0.7,30.3,0.34,10.43,5.22,80.0,C4
18.98,0.25,23.48,0.09,2.21,2.81,80.0,C4
20.07,0.58,9.43,0.62,5.82,1.61,80.0,C4
21.0,0.7,11.04,0.67,7.42,3.21,80.0,C4
21.94,0.76,13.24,0.73,9.63,1.2,80.0,C4
22.95,1.0,13.04,0.4,5.22,3.01,80.0,C4
24.17,0.98,14.85,0.59,8.83,2.41,80.0,C4
24.94,0.85,18.06,0.17,3.01,2.81,80.0,C4
25.94,1.13,15.45,0.32,5.02,1.0,80.0,C4
26.98,1.46,10.64,0.58,6.22,2.21,80.0,C4
27.98,1.57,17.86,0.47,8.43,1.61,80.0,C4
28.95,1.49,23.68,0.24,5.62,0.2,80.0,C4
30.09,0.63,34.31,0.28,9.63,3.41,80.0,C4
31.17,0.54,15.65,0.27,4.21,1.61,80.0,C4
32.37,0.7,23.48,0.41,9.63,1.4,80.0,C4
32.98,0.84,29.9,0.65,19.47,3.41,80.0,C4
33.95,0.99,33.91,0.62,21.07,3.01,80.0,C4
34.97,1.91,54.98,0.62,34.11,5.82,80.0,C4
36.0,0.38,53.18,0.16,8.43,4.62,80.0,C4
37.02,0.17,52.58,0.02,1.2,3.81,80.0,C4
38.0,0.15,11.64,0.1,1.2,5.22,80.0,C4
39.03,0.72,9.23,0.22,2.01,2.21,80.0,C4
39.94,0.56,7.83,0.69,5.42,1.61,80.0,C4
40.95,1.28,9.03,0.56,5.02,2.01,80.0,C4
41.94,1.04,14.85,0.68,10.03,1.0,80.0,C4
42.97,1.15,25.69,0.66,17.06,1.0,80.0,C4
44.12,0.54,34.31,0.23,8.03,2.01,80.0,C4
45.08,0.4,26.89,0.25,6.82,1.2,80.0,C4
46.12,0.5,17.66,0.13,2.21,1.0,80.0,C4
47.13,1.11,14.65,1.01,14.85,1.61,80.0,C4
47.97,1.0,17.06,0.81,13.85,1.2,80.0,C4
48.95,0.95,26.49,0.92,24.28,1.61,80.0,C4
49.95,0.27,34.52,0.11,3.81,3.61,80.0,C4
50.97,0.13,23.88,0.33,7.83,3.41,80.0,C4
52.09,0.28,7.83,0.51,4.01,1.0,80.0,C4
53.17,0.69,18.66,0.47,8.83,1.61,80.0,C4
53.97,1.04,20.87,0.6,12.44,1.0,80.0,C4
54.98,0.72,35.72,0.58,20.87,3.61,80.0,C4
55.95,0.19,32.31,0.12,4.01,4.62,80.0,C4
56.94,0.12,17.06,0.11,1.81,2.41,80.0,C4
57.91,0.24,9.43,0.51,4.82,0.8,80.0,C4
59.11,0.32,7.22,0.5,3.61,0.6,80.0,C4
60.07,0.4,10.64,0.98,10.43,0.6,80.0,C4
60.88,0.66,17.66,0.9,15.85,0.8,80.0,C4
61.91,0.48,36.32,0.39,14.05,0.4,80.0,C4
62.91,0.64,25.49,0.39,10.03,0.4,80.0,C4
63.91,0.64,32.31,0.26,8.43,2.41,80.0,C4
64.9,0.57,17.46,0.46,8.03,1.81,80.0,C4
65.9,0.72,21.07,0.56,11.84,1.2,80.0,C4
67.12,0.69,24.68,0.41,10.23,1.4,80.0,C4
67.96,0.83,25.28,0.67,16.86,2.01,80.0,C4
68.93,0.73,28.5,0.49,13.85,2.61,80.0,C4
69.95,0.44,21.87,0.21,4.62,1.81,80.0,C4
70.91,0.81,22.27,0.89,19.87,1.2,80.0,C4
71.9,0.86,22.48,0.82,18.46,1.0,80.0,C4
73.24,0.66,43.75,0.18,8.03,1.0,80.0,C4
73.9,0.55,29.5,0.31,9.03,1.0,80.0,C4
74.94,0.57,23.68,0.58,13.85,2.01,80.0,C4
75.98,0.47,26.69,0.45,12.04,1.0,80.0,C4
76.98,0.4,27.89,0.38,10.64,1.4,80.0,C4
77.9,0.25,27.49,0.23,6.22,0.0,80.0,C4
78.94,0.36,24.88,0.4,9.83,1.61,80.0,C4
79.97,0.38,33.71,0.49,16.66,0.8,80.0,C4
81.0,0.69,22.07,0.65,14.45,0.8,80.0,C4
81.92,0.62,23.28,0.48,11.24,1.4,80.0,C4
82.95,0.37,30.3,0.26,7.83,0.8,80.0,C4
83.92,0.33,30.7,0.44,13.65,2.21,80.0,C4
85.24,0.41,49.16,0.36,17.66,2.81,80.0,C4
85.94,0.57,19.67,0.51,10.03,2.21,80.0,C4
87.18,0.37,21.67,0.32,7.02,2.21,80.0,C4
88.23,0.75,20.47,1.01,20.67,1.81,80.0,C4
88.95,0.77,36.52,0.58,21.07,0.4,80.0,C4
89.98,0.23,35.32,0.11,3.81,0.0,80.0,C4
90.89,0.34,18.46,0.23,4.21,2.21,80.0,C4
91.97,0.35,16.25,0.74,12.04,1.61,80.0,C4
92.93,0.6,16.86,0.67,11.24,1.0,80.0,C4
93.95,0.69,28.5,0.49,14.05,1.4,80.0,C4
95.12,0.27,39.13,0.12,4.82,2.01,80.0,C4
95.92,0.27,28.09,0.24,6.62,1.81,80.0,C4
96.93,0.32,19.47,0.76,14.85,1.0,80.0,C4
97.99,0.54,26.09,0.87,22.68,1.61,80.0,C4
98.91,0.53,32.11,0.5,16.05,0.6,80.0,C4
99.88,0.22,28.09,0.2,5.62,1.4,80.0,C4
101.07,0.43,18.86,0.52,9.83,1.4,80.0,C4
101.96,0.77,25.49,0.62,15.85,0.4,80.0,C4
102.91,0.48,24.88,0.44,10.84,0.8,80.0,C4
103.95,0.37,32.51,0.3,9.83,1.0,80.0,C4
104.86,0.46,27.89,0.47,13.24,1.4,80.0,C4
105.84,0.55,33.51,0.44,14.65,2.61,80.0,C4
106.92,0.54,34.92,0.29,10.03,2.01,80.0,C4
107.99,0.55,29.1,0.47,13.65,1.61,80.0,C4
109.17,0.73,43.75,0.4,17.66,1.4,80.0,C4
109.93,0.46,51.57,0.33,17.26,3.21,80.0,C4
110.96,0.26,41.54,0.05,2.01,4.41,80.0,C4
111.95,0.16,22.48,0.18,4.01,2.61,80.0,C4
113.0,0.34,17.06,0.61,10.43,4.62,80.0,C4
113.93,0.31,13.85,1.41,19.47,2.81,80.0,C4
115.08,0.33,66.02,0.14,9.23,3.21,80.0,C4
116.15,0.2,33.51,0.0,0.0,10.84,80.0,C4
116.94,0.15,12.64,0.08,1.0,1.2,80.0,C4
117.91,0.21,5.82,0.28,1.61,8.03,80.0,C4
118.9,0.16,9.83,0.16,1.61,1.0,80.0,C4
119.95,0.45,12.84,0.72,9.23,1.61,80.0,C4
121.01,1.01,23.28,0.83,19.26,2.01,80.0,C4
122.21,0.94,37.73,0.28,10.64,1.4,80.0,C4
122.94,0.92,36.12,0.66,23.88,1.2,80.0,C4
123.94,0.52,46.56,0.28,12.84,2.41,80.0,C4
124.93,0.42,34.52,0.23,8.03,1.4,80.0,C4
125.94,0.54,31.3,0.21,6.42,2.61,80.0,C4
126.96,0.39,17.26,0.53,9.23,1.61,80.0,C4
127.92,0.53,24.08,0.61,14.65,0.8,80.0,C4
129.17,0.41,35.32,0.2,7.02,0.8,80.0,C4
130.22,0.48,22.48,0.32,7.22,0.6,80.0,C4
130.94,0.45,19.06,0.67,12.84,0.4,80.0,C4
131.93,0.57,27.49,0.77,21.07,1.61,80.0,C4
132.96,0.44,35.52,0.27,9.63,1.2,80.0,C4
133.93,0.43,25.28,0.3,7.63,0.2,80.0,C4
134.93,0.33,20.67,0.38,7.83,2.41,80.0,C4
135.93,0.2,21.47,0.14,3.01,1.0,80.0,C4
136.96,0.68,25.49,0.58,14.85,0.8,80.0,C4
137.96,0.33,41.74,0.19,8.03,0.8,80.0,C4
0.0,0.73,9.83,0.27,2.61,0.4,80.0,C5
1.0,1.02,8.83,0.36,3.21,0.2,80.0,C5
2.0,1.24,13.24,0.53,7.02,0.0,80.0,C5
3.0,1.18,19.87,0.24,4.82,0.6,80.0,C5
4.0,,,,,,80.0,C5
5.0,0.29,17.86,0.19,3.41,0.8,80.0,C5
6.0,0.79,12.24,0.95,11.64,1.0,80.0,C5
7.4,0.94,12.64,0.43,5.42,3.41,80.0,C5
8.45,0.5,16.25,0.2,3.21,2.41,80.0,C5
9.36,0.83,12.44,0.23,2.81,0.6,80.0,C5
10.49,0.66,10.03,0.2,2.01,2.01,80.0,C5
11.46,0.69,7.42,0.3,2.21,2.81,80.0,C5
12.38,0.53,7.42,0.22,1.61,1.81,80.0,C5
13.42,0.55,7.22,0.31,2.21,1.0,80.0,C5
14.39,0.24,12.04,0.63,7.63,0.4,80.0,C5
15.38,0.65,14.85,0.26,3.81,0.4,80.0,C5
16.39,0.54,13.24,0.21,2.81,0.2,80.0,C5
17.46,0.37,12.44,0.24,3.01,0.2,80.0,C5
18.47,0.33,12.44,0.21,2.61,0.6,80.0,C5
19.38,0.32,11.64,0.41,4.82,1.0,80.0,C5
20.38,0.61,14.25,0.73,10.43,1.4,80.0,C5
21.39,0.45,23.28,0.28,6.62,0.6,80.0,C5
22.4,0.47,27.89,0.32,8.83,0.2,80.0,C5
23.39,0.35,32.91,0.18,6.02,1.61,80.0,C5
24.52,0.12,24.88,0.07,1.81,0.8,80.0,C5
25.48,0.16,10.64,0.0,0.0,1.0,80.0,C5
26.38,0.29,2.61,0.46,1.2,1.0,80.0,C5
27.41,0.51,4.21,0.19,0.8,0.6,80.0,C5
28.4,0.55,4.01,1.15,4.62,0.8,80.0,C5
29.4,0.57,11.44,0.68,7.83,1.0,80.0,C5
30.39,0.57,15.05,0.48,7.22,0.4,80.0,C5
31.46,0.38,20.27,0.25,5.02,0.6,80.0,C5
32.46,0.22,16.45,0.17,2.81,0.2,80.0,C5
33.42,0.22,9.03,0.29,2.61,0.8,80.0,C5
34.42,0.28,9.63,0.23,2.21,1.0,80.0,C5
35.4,0.31,9.83,0.37,3.61,0.0,80.0,C5
36.4,0.54,15.45,0.58,9.03,0.0,80.0,C5
37.38,0.34,14.85,0.19,2.81,0.4,80.0,C5
38.4,,,,,,80.0,C5
39.4,,,,,,80.0,C5
40.4,0.31,15.05,0.19,2.81,2.21,80.0,C5
41.4,0.78,13.44,0.82,11.04,2.01,80.0,C5
42.4,0.71,27.09,0.47,12.84,0.4,80.0,C5
43.4,0.34,24.08,0.15,3.61,1.4,80.0,C5
44.4,0.25,18.46,0.2,3.61,2.61,80.0,C5
45.4,,,,,,80.0,C5
46.4,0.33,6.42,0.06,0.4,2.21,80.0,C5
47.4,0.28,1.4,0.57,0.8,1.2,80.0,C5
48.4,0.22,2.61,0.23,0.6,3.01,80.0,C5
49.4,0.59,5.62,0.79,4.41,0.4,80.0,C5
50.42,0.68,10.64,0.4,4.21,1.0,80.0,C5
51.41,0.5,25.28,0.33,8.43,0.8,80.0,C5
52.4,,,,,,80.0,C5
53.4,,,,,,80.0,C5
54.41,0.19,4.82,0.0,0.0,1.81,80.0,C5
55.4,0.42,1.81,0.0,0.0,0.4,80.0,C5
56.4,0.29,0.6,0.0,0.0,0.2,80.0,C5
57.38,0.29,2.21,0.36,0.8,0.0,80.0,C5
58.4,0.44,4.41,0.73,3.21,0.0,80.0,C5
59.4,,,,,,80.0,C5
60.4,,,,,,80.0,C5
61.38,0.26,12.04,0.28,3.41,1.2,80.0,C5
62.38,0.33,12.24,0.18,2.21,0.8,80.0,C5
63.4,,,,,,80.0,C5
64.38,0.32,22.68,0.2,4.62,0.6,80.0,C5
65.38,0.83,33.51,0.57,19.06,1.4,80.0,C5
66.4,,,,,,80.0,C5
67.4,,,,,,80.0,C5
68.4,0.21,2.81,0.07,0.2,1.0,80.0,C5
69.4,0.73,2.41,0.58,1.4,5.82,80.0,C5
70.38,0.67,0.6,1.67,1.0,1.61,80.0,C5
71.4,,,,,,80.0,C5
72.38,0.61,5.42,0.41,2.21,0.0,80.0,C5
73.54,0.67,3.61,0.5,1.81,0.6,80.0,C5
74.48,0.43,22.07,0.54,11.84,0.2,80.0,C5
75.38,0.86,25.28,0.6,15.05,0.6,80.0,C5
76.41,0.81,34.11,0.37,12.64,0.4,80.0,C5
77.4,0.75,37.73,0.39,14.65,0.2,80.0,C5
78.4,0.62,55.59,0.28,15.65,0.4,80.0,C5
79.4,0.25,40.74,0.13,5.42,3.61,80.0,C5
80.41,0.3,11.64,0.16,1.81,6.02,80.0,C5
81.34,0.18,10.03,0.18,1.81,4.41,80.0,C5
82.4,0.15,8.23,0.02,0.2,2.81,80.0,C5
83.39,0.22,2.81,0.43,1.2,1.0,80.0,C5
84.51,0.34,6.42,0.72,4.62,0.8,80.0,C5
85.43,1.6,9.03,0.31,2.81,0.6,80.0,C5
0.0,8.21,3.41,0.0,0.0,1.0,160.0,C6
0.97,6.39,2.41,0.17,0.4,0.6,160.0,C6
2.08,5.88,3.81,0.37,1.4,0.0,160.0,C6
2.97,7.99,8.03,0.5,4.01,1.4,160.0,C6
4.0,6.02,13.65,0.81,11.04,4.82,160.0,C6
4.96,1.17,42.74,0.99,42.14,19.87,160.0,C6
5.96,0.11,104.55,0.1,10.03,3.41,160.0,C6
7.03,0.14,55.99,0.06,3.21,9.63,160.0,C6
8.11,0.13,23.48,0.16,3.81,5.42,160.0,C6
9.22,0.16,12.44,0.19,2.41,3.01,160.0,C6
10.09,0.35,12.84,0.34,4.41,0.4,160.0,C6
10.9,1.15,9.83,1.14,11.24,2.61,160.0,C6
11.95,2.17,58.8,0.45,26.29,9.63,160.0,C6
12.92,0.95,30.7,0.78,24.08,3.81,160.0,C6
13.94,0.32,79.26,0.2,16.05,2.81,160.0,C6
14.93,0.24,56.99,0.04,2.21,3.21,160.0,C6
16.06,0.31,28.7,0.65,18.66,7.22,160.0,C6
17.14,0.42,18.26,0.57,10.43,3.81,160.0,C6
18.08,0.21,25.89,0.07,1.81,6.82,160.0,C6
18.89,0.28,13.04,0.66,8.63,6.62,160.0,C6
20.04,0.16,19.26,0.65,12.44,4.21,160.0,C6
20.96,0.14,25.28,0.51,12.84,4.41,160.0,C6
21.98,0.91,26.09,0.55,14.45,1.81,160.0,C6
22.96,0.77,61.0,0.4,24.48,2.61,160.0,C6
24.02,0.35,57.59,0.3,17.06,3.01,160.0,C6
24.99,0.23,51.97,0.12,6.42,3.21,160.0,C6
26.03,0.33,31.91,0.42,13.24,3.81,160.0,C6
26.98,0.19,31.71,0.24,7.63,1.0,160.0,C6
27.93,0.46,23.08,0.43,9.83,1.61,160.0,C6
28.96,0.29,32.31,0.35,11.44,3.01,160.0,C6
30.25,0.26,37.93,0.14,5.22,1.61,160.0,C6
31.1,0.3,21.07,0.3,6.42,1.61,160.0,C6
31.92,0.75,28.29,0.65,18.26,2.01,160.0,C6
32.93,0.75,44.95,0.56,25.08,4.21,160.0,C6
34.03,0.21,68.43,0.15,10.03,3.61,160.0,C6
34.95,0.19,41.54,0.07,2.81,10.23,160.0,C6
35.92,0.28,32.31,0.17,5.42,4.21,160.0,C6
37.14,0.36,17.86,0.2,3.61,4.82,160.0,C6
37.85,0.44,9.63,0.96,9.23,1.61,160.0,C6
38.97,0.45,15.45,0.51,7.83,2.01,160.0,C6
39.93,1.53,16.45,0.23,3.81,1.81,160.0,C6
40.94,1.38,18.46,0.32,5.82,2.41,160.0,C6
41.92,0.77,83.28,0.5,41.74,3.01,160.0,C6
42.97,0.08,87.29,0.13,11.64,6.22,160.0,C6
44.02,0.15,67.63,0.05,3.61,8.83,160.0,C6
45.02,0.13,15.05,0.03,0.4,9.63,160.0,C6
45.98,0.87,2.41,0.33,0.8,1.4,160.0,C6
47.01,2.04,4.41,0.59,2.61,2.21,160.0,C6
47.94,2.05,5.62,0.46,2.61,0.6,160.0,C6
48.92,2.28,9.83,0.51,5.02,1.81,160.0,C6
49.98,2.44,13.85,0.46,6.42,1.0,160.0,C6
50.99,1.46,25.08,0.51,12.84,1.61,160.0,C6
51.87,0.66,27.89,0.4,11.04,1.4,160.0,C6
52.93,0.87,52.98,0.57,30.1,2.81,160.0,C6
53.97,2.4,84.08,0.62,52.17,3.81,160.0,C6
54.92,2.37,93.31,0.25,23.08,8.03,160.0,C6
55.94,2.44,72.84,0.08,6.02,11.84,160.0,C6
56.96,2.26,35.12,0.15,5.42,15.85,160.0,C6
58.13,1.67,14.65,0.1,1.4,3.01,160.0,C6
58.84,1.55,9.43,0.38,3.61,1.0,160.0,C6
59.95,1.39,14.45,0.17,2.41,2.01,160.0,C6
61.03,3.93,19.87,0.67,13.24,2.01,160.0,C6
61.97,4.0,39.73,0.54,21.27,0.8,160.0,C6
62.97,5.56,88.5,0.28,25.08,1.61,160.0,C6
63.97,3.08,86.69,0.11,9.83,7.63,160.0,C6
64.95,1.39,62.81,0.05,3.41,5.62,160.0,C6
66.0,1.61,25.08,0.04,1.0,6.42,160.0,C6
66.9,2.0,8.43,0.45,3.81,3.21,160.0,C6
67.94,5.28,19.87,0.19,3.81,0.4,160.0,C6
68.97,5.17,30.5,0.43,13.24,3.01,160.0,C6
69.98,4.38,97.53,0.46,44.75,2.01,160.0,C6
70.95,1.83,122.41,0.17,21.27,3.01,160.0,C6
72.18,2.77,81.87,0.04,3.41,9.63,160.0,C6
73.19,2.92,23.08,0.0,0.0,13.85,160.0,C6
73.93,2.76,4.01,0.35,1.4,3.61,160.0,C6
74.94,2.33,5.02,0.4,2.01,0.6,160.0,C6
75.97,4.57,9.43,0.57,5.42,2.01,160.0,C6
77.06,2.9,30.3,0.68,20.47,2.21,160.0,C6
78.01,3.25,74.85,0.42,31.71,2.01,160.0,C6
78.96,1.44,102.34,0.29,30.1,3.81,160.0,C6
80.05,4.4,73.65,0.03,2.41,8.63,160.0,C6
80.95,5.35,34.11,0.06,2.21,9.63,160.0,C6
81.92,2.55,22.48,0.29,6.62,5.02,160.0,C6
82.97,1.8,20.07,0.21,4.21,3.21,160.0,C6
84.06,3.42,24.68,0.87,21.47,4.01,160.0,C6
84.93,3.14,72.64,0.67,48.56,4.01,160.0,C6
85.97,1.41,120.2,0.08,9.83,4.41,160.0,C6
87.25,5.35,43.55,0.13,5.62,19.67,160.0,C6
87.92,2.53,19.67,0.1,2.01,12.84,160.0,C6
88.96,5.71,4.41,0.18,0.8,1.61,160.0,C6
89.97,3.78,22.88,0.72,16.45,1.0,160.0,C6
90.9,3.05,34.31,0.71,24.28,4.82,160.0,C6
91.97,4.54,86.49,0.48,41.14,2.01,160.0,C6
93.05,6.46,96.12,0.04,3.41,3.01,160.0,C6
94.01,5.88,40.54,0.25,10.03,5.22,160.0,C6
94.93,6.34,17.26,0.0,0.0,2.81,160.0,C6
96.01,2.8,13.85,1.1,15.25,3.61,160.0,C6
96.95,4.51,43.95,0.46,20.27,3.21,160.0,C6
97.91,4.65,74.05,0.3,21.87,2.01,160.0,C6
98.98,2.23,60.8,0.17,10.23,0.8,160.0,C6
100.09,3.63,22.27,0.0,0.0,2.81,160.0,C6
101.11,3.85,18.86,0.35,6.62,2.01,160.0,C6
101.9,4.42,12.24,0.77,9.43,3.01,160.0,C6
102.92,4.83,18.26,0.22,4.01,1.61,160.0,C6
103.9,4.98,38.93,0.47,18.46,1.0,160.0,C6
104.89,3.42,76.66,0.37,28.5,3.01,160.0,C6
105.92,2.95,82.48,0.16,13.24,3.01,160.0,C6
106.97,0.17,52.78,0.07,3.61,2.61,160.0,C6
108.06,0.44,19.26,0.07,1.4,10.43,160.0,C6
108.9,0.77,6.62,0.42,2.81,3.01,160.0,C6
109.91,0.91,12.84,0.63,8.03,1.0,160.0,C6
110.93,1.09,18.26,0.41,7.42,1.0,160.0,C6
111.92,0.92,28.5,0.53,15.05,1.61,160.0,C6
112.97,0.48,8.83,0.45,4.01,0.4,160.0,C6
113.96,0.14,60.0,0.13,7.83,1.0,160.0,C6
115.05,0.34,84.08,0.1,8.43,4.01,160.0,C6
115.9,0.43,51.17,0.22,11.24,5.02,160.0,C6
116.91,0.58,26.89,0.49,13.24,3.61,160.0,C6
117.96,0.95,16.25,0.33,5.42,2.01,160.0,C6
118.94,1.85,26.29,0.67,17.66,1.61,160.0,C6
120.04,4.45,54.58,0.58,31.71,5.02,160.0,C6
121.35,3.59,80.07,0.12,9.23,3.01,160.0,C6
122.39,3.72,52.17,0.43,22.48,3.61,160.0,C6
122.92,3.65,64.01,0.14,9.23,4.41,160.0,C6
123.92,2.12,36.12,0.68,24.68,3.01,160.0,C6
124.95,4.7,59.6,0.29,17.06,2.01,160.0,C6
125.96,1.46,46.35,0.15,7.02,3.01,160.0,C6
126.92,6.62,24.28,0.06,1.4,3.61,160.0,C6
128.14,1.08,15.05,0.24,3.61,1.61,160.0,C6
129.01,1.15,12.64,0.35,4.41,1.2,160.0,C6
129.91,1.33,9.03,1.0,9.03,0.4,160.0,C6
130.93,1.2,18.86,0.54,10.23,1.0,160.0,C6
131.9,0.69,49.97,0.61,30.7,1.4,160.0,C6
132.9,0.58,89.5,0.34,30.5,1.0,160.0,C6
133.9,1.96,76.66,0.23,17.26,1.81,160.0,C6
134.95,1.29,59.0,0.27,15.85,2.41,160.0,C6
135.97,1.36,41.54,0.15,6.22,2.01,160.0,C6
136.93,1.42,26.89,0.29,7.83,4.21,160.0,C6
137.93,2.43,27.29,0.76,20.67,2.21,160.0,C6
138.94,1.74,42.34,0.6,25.28,1.2,160.0,C6
139.93,2.81,64.21,0.5,31.91,1.4,160.0,C6
140.92,2.37,88.09,0.45,39.93,1.2,160.0,C6
141.96,2.0,75.65,0.13,10.03,2.21,160.0,C6
142.96,1.81,36.92,0.04,1.61,3.21,160.0,C6
143.9,1.36,12.44,0.08,1.0,1.2,160.0,C6
144.89,2.13,6.42,0.38,2.41,1.2,160.0,C6
146.21,3.45,6.02,0.73,4.41,0.6,160.0,C6
146.87,2.97,10.64,0.66,7.02,0.2,160.0,C6
147.89,4.07,20.07,0.71,14.25,0.2,160.0,C6
149.1,6.6,63.81,0.75,47.76,0.4,160.0,C6
150.14,4.12,113.98,0.37,42.34,0.2,160.0,C6
150.9,2.42,99.33,0.24,24.28,0.4,160.0,C6
151.9,2.92,70.03,0.1,6.82,2.41,160.0,C6
152.9,3.34,38.73,0.11,4.21,5.22,160.0,C6
153.89,1.27,9.03,0.36,3.21,1.61,160.0,C6
155.3,3.02,10.84,0.28,3.01,1.0,160.0,C6
156.19,3.2,21.87,0.78,17.06,0.2,160.0,C6
157.21,3.4,50.37,0.78,39.33,0.6,160.0,C6
157.98,2.9,87.69,0.67,58.6,1.61,160.0,C6
158.46,2.5,119.0,0.09,11.24,2.21,160.0,C6
159.13,,,0.08,,7.02,160.0,C6
159.9,1.28,64.82,0.12,5.22,4.21,160.0,C6
160.87,1.35,19.47,0.3,2.41,1.2,160.0,C6
161.87,3.01,11.44,0.81,3.41,0.4,160.0,C6
163.04,4.9,8.43,0.98,6.82,0.6,160.0,C6
164.04,4.56,21.87,0.74,21.47,1.0,160.0,C6
164.86,3.75,55.99,0.24,41.34,1.4,160.0,C6
165.87,3.41,109.16,0.06,26.29,7.22,160.0,C6
166.87,3.82,74.25,0.15,4.82,6.02,160.0,C6
167.85,2.28,19.67,0.51,3.01,1.2,160.0,C6
168.87,2.53,7.83,0.83,4.01,1.2,160.0,C6
170.05,6.1,10.64,0.83,8.83,0.2,160.0,C6
171.04,6.41,20.27,0.89,18.06,1.0,160.0,C6
171.86,4.42,47.76,0.93,44.55,0.6,160.0,C6
172.87,5.05,98.33,0.2,19.47,1.2,160.0,C6
174.05,3.72,76.46,0.02,1.81,5.22,160.0,C6
174.86,3.19,60.4,0.18,10.84,2.41,160.0,C6
176.06,2.02,41.74,0.49,20.27,2.01,160.0,C6
177.15,2.43,36.52,0.1,3.61,3.21,160.0,C6
178.0,1.63,36.12,0.45,16.25,1.0,160.0,C6
179.15,1.7,39.93,0.1,4.01,1.61,160.0,C6
179.89,1.53,17.26,0.28,4.82,2.01,160.0,C6
180.87,3.98,31.1,0.56,17.46,0.8,160.0,C6
181.86,2.49,32.91,0.55,18.06,2.21,160.0,C6
182.87,2.28,65.82,0.33,21.67,3.61,160.0,C6
183.87,2.46,80.07,0.5,39.93,4.21,160.0,C6
185.17,2.4,41.74,0.1,4.01,5.82,160.0,C6
185.87,2.3,28.29,0.11,3.01,5.22,160.0,C6
186.9,1.39,21.67,0.24,5.22,3.01,160.0,C6
187.89,1.56,8.23,0.34,2.81,0.8,160.0,C6
188.92,2.51,36.32,0.48,17.46,3.01,160.0,C6
189.93,1.17,55.99,0.33,18.26,2.01,160.0,C6
191.0,1.72,71.44,0.18,13.04,2.01,160.0,C6
191.97,1.53,52.98,0.22,11.84,3.81,160.0,C6
192.91,1.35,40.94,0.18,7.42,3.21,160.0,C6
193.9,2.66,31.71,0.35,11.04,5.22,160.0,C6
194.88,2.24,22.07,0.32,7.02,3.41,160.0,C6
195.89,2.17,20.07,0.14,2.81,1.0,160.0,C6
196.94,2.03,20.07,0.14,2.81,1.0,160.0,C6
198.16,1.38,43.14,0.31,13.44,1.61,160.0,C6
198.93,1.98,55.99,0.45,25.28,2.81,160.0,C6
199.9,2.0,33.91,0.23,7.83,6.82,160.0,C6
200.91,1.95,59.0,0.69,40.94,6.02,160.0,C6
202.0,0.63,41.74,0.26,11.04,3.21,160.0,C6
202.88,1.34,33.71,0.05,1.61,2.01,160.0,C6
204.0,2.34,22.07,0.11,2.41,3.01,160.0,C6
205.24,2.95,18.86,0.44,8.23,1.61,160.0,C6
205.96,2.36,29.7,0.28,8.23,1.0,160.0,C6
206.97,1.83,55.99,0.27,15.05,3.21,160.0,C6
207.87,4.96,96.52,0.38,36.52,2.01,160.0,C6
208.87,3.45,60.0,0.06,3.81,11.04,160.0,C6
210.05,4.53,30.5,0.11,3.21,7.83,160.0,C6
210.87,4.58,17.86,0.7,12.44,3.81,160.0,C6
212.2,4.9,28.09,0.78,21.87,2.01,160.0,C6
212.86,4.26,51.97,0.81,42.34,2.01,160.0,C6
213.89,3.76,100.13,0.31,31.1,9.03,160.0,C6
214.87,3.05,50.37,0.13,6.42,8.03,160.0,C6
215.86,2.22,32.91,0.23,7.42,9.03,160.0,C6
217.05,1.81,15.85,1.06,16.86,5.42,160.0,C6
217.87,3.07,28.9,0.81,23.28,3.61,160.0,C6
218.89,3.28,50.37,0.36,18.06,2.01,160.0,C6
220.23,5.67,63.41,0.21,13.04,1.61,160.0,C6
220.9,4.81,85.08,0.21,18.06,2.01,160.0,C6
221.84,4.39,55.99,0.15,8.23,1.61,160.0,C6
222.88,5.8,32.11,0.14,4.41,4.41,160.0,C6
224.0,3.87,24.28,0.05,1.2,3.41,160.0,C6
225.0,6.78,15.85,0.11,1.81,2.81,160.0,C6
226.04,1.62,34.92,0.36,12.64,2.21,160.0,C6
227.02,1.9,24.68,0.39,9.63,2.21,160.0,C6
228.01,1.34,39.93,0.36,14.25,1.4,160.0,C6
229.07,1.55,40.33,0.21,8.43,2.21,160.0,C6
229.99,1.43,19.47,0.2,3.81,1.61,160.0,C6
0.0,7.04,5.02,0.0,0.0,3.01,160.0,C7
0.97,6.43,1.2,0.33,0.4,0.2,160.0,C7
2.08,6.14,2.21,0.27,0.6,0.2,160.0,C7
2.97,6.03,7.83,1.03,8.03,0.8,160.0,C7
4.0,5.07,17.46,0.84,14.65,2.01,160.0,C7
4.96,1.54,36.92,0.73,26.89,8.43,160.0,C7
5.96,0.38,81.67,0.33,26.89,8.43,160.0,C7
7.03,0.12,43.75,0.02,1.0,11.84,160.0,C7
8.11,0.11,17.26,0.1,1.81,2.21,160.0,C7
9.22,0.24,13.85,0.3,4.21,2.21,160.0,C7
10.09,0.38,10.43,0.48,5.02,0.4,160.0,C7
10.9,0.49,17.06,1.0,17.06,1.61,160.0,C7
11.95,0.48,47.16,0.69,32.31,6.02,160.0,C7
12.92,0.23,75.05,0.21,15.65,1.61,160.0,C7
13.94,0.15,55.59,0.09,5.02,6.02,160.0,C7
14.93,0.22,12.44,0.16,2.01,5.82,160.0,C7
16.06,0.28,27.09,0.64,17.26,14.65,160.0,C7
17.14,0.26,16.66,0.53,8.83,3.21,160.0,C7
18.08,0.56,23.08,0.06,1.4,8.03,160.0,C7
18.89,0.83,32.51,0.81,26.49,3.61,160.0,C7
20.04,0.28,84.28,0.14,11.64,4.21,160.0,C7
20.96,0.24,71.44,0.03,2.01,4.21,160.0,C7
21.98,0.24,47.36,0.15,7.22,7.63,160.0,C7
23.09,0.22,34.31,0.18,6.02,5.62,160.0,C7
24.02,0.26,17.66,0.41,7.22,3.01,160.0,C7
24.99,0.36,11.64,0.29,3.41,1.61,160.0,C7
26.03,0.67,11.84,0.8,9.43,4.01,160.0,C7
26.98,0.54,32.91,0.46,15.25,1.61,160.0,C7
27.93,0.35,42.14,0.65,27.49,2.41,160.0,C7
28.96,0.17,57.99,0.09,5.22,1.61,160.0,C7
30.25,0.17,33.91,0.02,0.8,4.21,160.0,C7
31.1,0.31,13.65,0.07,1.0,1.61,160.0,C7
31.92,0.61,11.24,0.55,6.22,1.0,160.0,C7
32.93,0.68,18.46,0.18,3.41,0.4,160.0,C7
34.03,0.42,34.31,0.46,15.65,2.81,160.0,C7
34.95,0.41,52.37,0.16,8.43,1.81,160.0,C7
35.92,0.2,40.74,0.13,5.22,2.61,160.0,C7
37.14,0.26,27.29,0.06,1.61,2.81,160.0,C7
37.85,0.36,8.23,0.8,6.62,2.21,160.0,C7
38.97,0.66,15.65,0.35,5.42,3.21,160.0,C7
39.93,1.27,22.48,0.65,14.65,2.81,160.0,C7
40.94,0.85,46.15,0.67,30.7,1.0,160.0,C7
41.92,0.52,88.5,0.46,40.94,2.81,160.0,C7
42.98,0.11,67.63,0.06,4.21,4.62,160.0,C7
44.02,0.26,29.9,0.05,1.4,17.66,160.0,C7
45.02,0.35,7.42,0.11,0.8,4.21,160.0,C7
45.98,1.33,3.61,0.28,1.0,2.41,160.0,C7
47.01,2.2,9.63,0.81,7.83,0.6,160.0,C7
47.94,1.92,27.89,0.6,16.66,0.8,160.0,C7
48.92,1.11,57.79,0.57,32.71,3.01,160.0,C7
49.98,0.33,90.3,0.17,15.25,2.81,160.0,C7
50.99,0.14,49.77,0.15,7.42,4.01,160.0,C7
51.87,0.18,30.1,0.05,1.61,4.01,160.0,C7
52.93,0.98,11.44,0.82,9.43,5.02,160.0,C7
53.97,1.93,22.68,0.5,11.24,4.41,160.0,C7
54.92,2.26,32.91,0.15,4.82,4.62,160.0,C7
55.94,2.78,39.33,1.12,43.95,3.21,160.0,C7
56.96,3.02,58.19,0.25,14.65,7.22,160.0,C7
58.13,1.62,45.75,0.04,1.61,5.02,160.0,C7
58.84,1.51,22.27,0.11,2.41,7.83,160.0,C7
59.95,2.1,7.42,0.05,0.4,5.02,160.0,C7
61.03,8.2,8.43,0.76,6.42,2.81,160.0,C7
61.97,8.26,13.65,0.41,5.62,0.8,160.0,C7
62.97,7.5,25.28,0.43,10.84,0.4,160.0,C7
63.97,3.32,66.62,0.33,22.07,3.61,160.0,C7
64.95,1.74,84.88,0.16,13.65,2.81,160.0,C7
66.0,1.7,53.58,0.07,4.01,2.01,160.0,C7
66.9,1.88,24.48,0.14,3.41,2.61,160.0,C7
67.94,5.95,14.65,0.33,4.82,5.42,160.0,C7
68.97,4.24,36.92,0.37,13.65,0.6,160.0,C7
69.98,3.7,68.63,0.49,33.71,2.01,160.0,C7
70.95,2.02,86.09,0.14,11.64,4.41,160.0,C7
72.18,3.26,36.32,0.03,1.2,9.43,160.0,C7
73.18,2.94,16.86,0.2,3.41,3.61,160.0,C7
73.93,3.07,6.62,0.39,2.61,1.61,160.0,C7
74.94,3.43,12.24,0.21,2.61,2.01,160.0,C7
75.97,2.39,22.68,0.45,10.23,2.21,160.0,C7
77.06,4.03,35.72,0.82,29.3,2.41,160.0,C7
78.01,2.21,88.5,0.35,31.3,4.01,160.0,C7
78.96,3.82,82.68,0.05,4.01,3.41,160.0,C7
80.05,2.71,21.87,0.03,0.6,4.21,160.0,C7
80.95,1.92,11.04,0.22,2.41,10.03,160.0,C7
81.92,2.42,7.02,0.71,5.02,4.82,160.0,C7
82.97,2.95,19.87,0.61,12.04,4.21,160.0,C7
84.06,5.42,56.19,0.6,33.51,2.61,160.0,C7
84.93,2.89,107.96,0.18,19.87,4.01,160.0,C7
85.97,2.95,52.98,0.09,4.82,13.85,160.0,C7
87.25,1.97,23.28,0.07,1.61,10.23,160.0,C7
87.92,1.55,7.02,0.91,6.42,5.42,160.0,C7
88.96,5.65,5.42,0.33,1.81,1.4,160.0,C7
89.97,5.74,21.07,0.43,9.03,5.02,160.0,C7
90.9,3.78,57.39,0.66,37.93,0.8,160.0,C7
91.97,4.68,153.31,0.19,28.5,3.01,160.0,C7
93.05,4.71,59.8,0.01,0.8,19.26,160.0,C7
94.01,6.75,24.88,0.0,0.0,11.64,160.0,C7
94.93,5.21,7.83,0.0,0.0,3.01,160.0,C7
96.01,3.89,9.63,0.81,7.83,3.01,160.0,C7
96.95,5.77,21.67,0.72,15.65,2.01,160.0,C7
97.91,4.97,70.03,0.36,25.08,3.01,160.0,C7
98.98,1.55,113.78,0.09,10.03,1.61,160.0,C7
100.09,2.56,41.14,0.06,2.41,8.83,160.0,C7
101.11,2.21,7.63,0.03,0.2,3.01,160.0,C7
101.9,1.68,6.02,0.67,4.01,0.8,160.0,C7
102.92,6.67,5.82,0.97,5.62,0.4,160.0,C7
103.9,6.71,19.47,0.82,16.05,1.0,160.0,C7
104.89,4.21,56.19,1.02,57.39,2.01,160.0,C7
105.92,3.29,131.44,0.06,8.23,3.01,160.0,C7
106.97,0.24,108.16,0.04,4.21,12.64,160.0,C7
108.06,0.5,19.67,0.03,0.6,24.08,160.0,C7
108.9,0.72,5.82,0.45,2.61,3.81,160.0,C7
109.91,2.32,9.03,0.29,2.61,2.41,160.0,C7
110.93,3.58,18.26,0.51,9.23,1.0,160.0,C7
111.92,2.8,31.1,0.55,17.06,1.61,160.0,C7
112.97,0.84,71.04,0.75,53.38,2.01,160.0,C7
113.96,0.24,104.15,0.07,7.63,11.04,160.0,C7
115.05,0.15,31.1,0.03,0.8,3.01,160.0,C7
115.9,0.22,7.63,0.13,1.0,6.42,160.0,C7
116.91,0.91,4.41,0.14,0.6,1.0,160.0,C7
117.96,5.08,2.61,0.62,1.61,1.61,160.0,C7
118.94,7.46,5.22,0.81,4.21,1.0,160.0,C7
120.04,8.13,10.23,0.43,4.41,0.6,160.0,C7
121.35,5.98,23.28,0.4,9.23,1.0,160.0,C7
122.39,4.53,39.13,0.56,22.07,2.01,160.0,C7
122.92,3.87,57.99,0.53,30.5,2.01,160.0,C7
123.92,1.95,70.03,0.4,27.89,3.01,160.0,C7
124.95,1.26,92.51,0.07,6.42,2.01,160.0,C7
125.96,0.62,46.96,0.15,7.02,3.61,160.0,C7
126.92,1.54,29.1,0.21,6.22,4.82,160.0,C7
128.14,1.13,21.87,0.16,3.41,3.41,160.0,C7
129.01,1.12,32.51,0.43,13.85,1.81,160.0,C7
129.91,1.17,34.52,0.11,3.81,2.41,160.0,C7
130.93,1.21,31.3,0.04,1.2,3.21,160.0,C7
131.9,0.67,40.33,0.2,8.23,1.4,160.0,C7
132.9,0.82,39.53,0.55,21.87,1.2,160.0,C7
133.9,2.06,51.57,0.38,19.67,1.81,160.0,C7
134.95,1.19,54.58,0.25,13.85,3.21,160.0,C7
135.97,1.19,51.17,0.2,10.03,2.61,160.0,C7
136.93,1.53,38.73,0.46,17.86,2.81,160.0,C7
137.93,2.37,43.95,0.59,25.89,2.81,160.0,C7
138.94,1.52,65.62,0.3,19.67,2.21,160.0,C7
139.93,1.84,53.38,0.27,14.45,4.41,160.0,C7
140.92,2.6,34.11,0.39,13.24,0.6,160.0,C7
141.96,2.45,55.59,0.19,10.84,3.01,160.0,C7
142.96,2.27,37.73,0.1,3.81,2.01,160.0,C7
143.9,2.28,20.67,0.19,4.01,1.81,160.0,C7
144.89,2.59,11.64,0.47,5.42,3.81,160.0,C7
146.21,3.62,20.07,0.73,14.65,1.2,160.0,C7
146.87,3.15,31.3,0.79,24.68,0.6,160.0,C7
147.89,3.3,83.48,0.35,29.5,1.2,160.0,C7
149.1,2.92,127.22,0.14,17.26,2.81,160.0,C7
150.14,3.63,67.22,0.06,4.21,4.01,160.0,C7
150.9,1.61,31.3,0.18,5.62,9.63,160.0,C7
151.9,3.78,20.67,0.31,6.42,5.62,160.0,C7
152.9,4.53,10.84,1.04,11.24,1.61,160.0,C7
153.89,3.26,24.28,0.58,14.05,0.8,160.0,C7
155.3,2.39,61.81,0.33,20.47,1.81,160.0,C7
156.19,2.24,66.22,0.2,13.24,2.41,160.0,C7
157.21,2.03,47.76,0.14,6.82,4.62,160.0,C7
157.98,1.99,38.73,0.29,11.24,3.61,160.0,C7
158.46,,,,,,160.0,C7
159.13,3.87,24.28,0.33,8.03,1.4,160.0,C7
159.9,2.71,19.26,0.81,15.65,1.81,160.0,C7
160.87,2.46,39.73,0.17,29.7,0.8,160.0,C7
161.87,3.19,77.46,0.09,12.84,1.4,160.0,C7
163.04,3.04,44.35,0.2,4.01,4.41,160.0,C7
164.04,3.12,26.09,0.38,5.22,5.82,160.0,C7
164.86,4.65,16.25,1.11,6.22,1.0,160.0,C7
165.87,3.43,16.66,3.0,18.46,0.6,160.0,C7
166.87,1.98,39.53,0.2,32.11,0.4,160.0,C7
167.85,3.11,72.04,0.23,14.45,1.0,160.0,C7
168.87,3.11,82.07,0.11,18.66,2.81,160.0,C7
170.05,4.85,71.04,0.11,8.03,2.21,160.0,C7
171.04,4.34,36.32,0.04,1.4,5.02,160.0,C7
171.86,3.74,15.45,0.06,1.0,4.62,160.0,C7
172.87,4.65,4.62,1.13,5.22,0.4,160.0,C7
174.05,4.37,13.65,0.6,8.23,1.0,160.0,C7
174.86,3.59,14.25,0.41,5.82,1.81,160.0,C7
176.06,2.56,40.33,0.94,37.93,2.01,160.0,C7
177.15,2.28,57.59,0.14,7.83,1.0,160.0,C7
178.0,0.85,83.88,0.07,5.82,2.01,160.0,C7
179.15,1.55,55.99,0.05,3.01,2.01,160.0,C7
179.89,1.67,24.88,0.09,2.21,5.02,160.0,C7
180.87,1.86,11.64,0.33,3.81,0.4,160.0,C7
181.86,2.6,23.48,0.76,17.86,1.61,160.0,C7
182.87,2.5,55.99,0.49,27.69,4.01,160.0,C7
183.87,2.73,68.23,0.21,14.25,4.82,160.0,C7
185.17,2.4,33.71,0.13,4.21,5.42,160.0,C7
185.87,1.6,15.65,0.18,2.81,7.22,160.0,C7
186.9,1.68,10.84,0.37,4.01,2.41,160.0,C7
187.89,2.37,5.42,0.07,0.4,3.81,160.0,C7
188.92,2.53,12.24,0.43,5.22,2.41,160.0,C7
189.93,2.38,20.87,0.37,7.63,2.01,160.0,C7
191.0,2.16,25.69,0.14,3.61,3.41,160.0,C7
191.97,2.28,39.93,0.04,1.61,2.01,160.0,C7
192.91,1.57,36.12,0.28,10.23,1.61,160.0,C7
193.9,2.66,28.9,0.11,3.21,5.82,160.0,C7
194.88,2.24,19.87,0.31,6.22,4.21,160.0,C7
195.89,2.06,13.65,0.38,5.22,1.81,160.0,C7
196.94,1.78,23.68,0.26,6.22,1.61,160.0,C7
198.16,1.63,39.93,0.24,9.43,2.01,160.0,C7
198.93,1.93,20.87,0.33,6.82,3.01,160.0,C7
199.9,2.23,26.89,0.16,4.41,2.01,160.0,C7
200.91,4.14,21.67,0.56,12.24,3.01,160.0,C7
202.0,1.89,44.55,0.51,22.88,5.02,160.0,C7
202.88,1.5,60.0,0.15,8.83,3.61,160.0,C7
204.0,2.52,38.33,0.04,1.61,5.02,160.0,C7
205.24,2.56,21.07,0.1,2.01,5.82,160.0,C7
205.96,2.72,17.66,0.18,3.21,2.81,160.0,C7
206.97,2.54,34.31,0.34,11.64,2.41,160.0,C7
207.87,3.81,55.38,0.62,34.31,2.01,160.0,C7
208.87,1.57,96.12,0.15,14.85,76.25,160.0,C7
210.05,4.25,29.9,0.07,2.01,9.83,160.0,C7
210.87,4.85,12.64,0.0,0.0,7.63,160.0,C7
212.2,5.15,16.66,0.59,9.83,1.61,160.0,C7
212.86,5.12,25.89,0.55,14.25,2.01,160.0,C7
213.89,4.51,59.8,0.37,22.27,1.61,160.0,C7
214.87,4.4,40.33,0.17,7.02,6.42,160.0,C7
215.86,4.98,32.11,0.07,2.21,3.61,160.0,C7
217.05,2.96,20.27,0.16,3.21,2.41,160.0,C7
217.87,1.87,5.82,0.14,0.8,2.41,160.0,C7
218.89,2.58,8.83,0.43,3.81,3.61,160.0,C7
220.23,5.61,35.92,0.45,16.25,2.01,160.0,C7
220.9,5.93,64.01,0.4,25.49,3.41,160.0,C7
221.84,6.62,73.85,0.08,6.02,4.41,160.0,C7
222.88,5.02,36.12,0.06,2.01,3.41,160.0,C7
224.0,3.51,18.26,0.21,3.81,1.61,160.0,C7
225.0,7.5,34.52,0.49,16.86,2.81,160.0,C7
226.04,2.25,49.97,0.56,27.89,2.21,160.0,C7
227.02,1.86,67.83,0.16,10.84,1.61,160.0,C7
228.01,1.95,36.32,0.2,7.22,3.01,160.0,C7
229.07,1.95,32.31,0.37,11.84,1.61,160.0,C7
229.99,2.47,22.27,0.39,8.63,2.81,160.0,C7
231.07,2.16,20.87,0.38,7.83,1.61,160.0,C7
231.95,1.7,27.09,0.59,15.85,1.0,160.0,C7
232.97,1.72,45.35,0.59,26.89,1.61,160.0,C7
0.0,2.83,11.04,0.67,7.42,0.4,160.0,C8
0.89,2.31,28.9,0.56,16.25,0.0,0.0,C8
1.94,1.14,36.72,0.22,8.23,0.6,0.0,C8
2.92,0.44,22.27,0.07,1.61,1.0,0.0,C8
3.91,0.13,8.23,0.0,0.0,0.6,0.0,C8
4.97,0.15,1.61,0.0,0.0,1.2,160.0,C8
6.03,0.08,0.0,,0.0,0.0,160.0,C8
6.89,0.69,0.0,,0.0,0.0,160.0,C8
7.93,4.17,0.0,,0.2,0.0,160.0,C8
8.9,4.75,0.0,,0.0,0.0,0.0,C8
9.9,3.14,0.0,,1.0,0.0,0.0,C8
10.87,2.52,0.0,,0.0,0.0,0.0,C8
11.97,1.74,0.0,,0.0,0.0,0.0,C8
13.11,0.98,0.8,0.0,0.0,0.0,160.0,C8
13.89,0.48,0.4,0.0,0.0,0.0,160.0,C8
14.86,1.78,0.0,,0.0,0.0,160.0,C8
15.86,2.63,0.6,0.0,0.0,0.0,160.0,C8
16.9,3.34,1.61,0.38,0.6,0.0,0.0,C8
17.88,3.26,2.01,0.4,0.8,0.0,0.0,C8
19.14,0.38,6.82,0.18,1.2,0.0,0.0,C8
19.95,1.02,2.21,0.55,1.2,0.0,0.0,C8
20.89,0.39,3.41,0.06,0.2,0.0,160.0,C8
21.89,0.16,2.01,0.0,0.0,0.0,160.0,C8
22.9,0.57,0.0,,0.0,0.0,160.0,C8
23.87,1.37,4.21,0.19,0.8,0.2,160.0,C8
24.9,2.7,0.4,0.0,0.0,0.0,0.0,C8
26.0,3.1,17.86,0.43,7.63,0.2,0.0,C8
27.05,1.44,17.26,0.19,3.21,0.2,0.0,C8
27.9,0.52,21.07,0.05,1.0,0.0,0.0,C8
28.86,0.2,2.21,0.18,0.4,0.4,160.0,C8
29.89,0.12,3.41,0.06,0.2,0.2,160.0,C8
30.89,0.27,4.01,0.0,0.0,1.2,160.0,C8
31.88,1.91,1.2,1.0,1.2,0.4,160.0,C8
32.97,3.48,1.81,1.0,1.81,0.4,0.0,C8
34.19,3.56,3.21,0.75,2.41,0.2,0.0,C8
34.87,2.44,7.22,0.44,3.21,0.0,0.0,C8
35.88,1.02,16.86,0.43,7.22,0.6,0.0,C8
36.86,0.45,16.25,0.22,3.61,0.4,160.0,C8
37.93,0.15,7.63,0.05,0.4,2.01,160.0,C8
38.86,0.21,2.41,1.0,2.41,1.61,160.0,C8
39.89,1.97,3.01,0.2,0.6,2.41,160.0,C8
41.02,2.52,9.43,0.09,0.8,1.4,0.0,C8
41.9,3.03,14.45,0.33,4.82,1.0,0.0,C8
42.89,2.01,30.3,0.17,5.22,0.8,0.0,C8
43.86,0.77,23.08,0.09,2.01,0.6,0.0,C8
44.93,0.27,10.64,0.09,1.0,4.21,160.0,C8
45.82,0.1,2.61,0.0,0.0,1.61,160.0,C8
46.97,0.31,1.61,0.0,0.0,0.0,160.0,C8
48.05,1.27,3.41,0.18,0.6,0.4,160.0,C8
48.89,2.95,2.61,0.31,0.8,0.4,0.0,C8
49.9,3.54,6.82,0.56,3.81,0.0,0.0,C8
50.92,2.35,5.22,0.58,3.01,0.0,0.0,C8
51.91,2.35,12.84,0.17,2.21,0.8,0.0,C8
52.85,0.8,2.41,0.0,0.0,0.0,160.0,C8
53.97,0.39,3.61,0.0,0.0,0.0,160.0,C8
54.86,0.36,4.62,0.09,0.4,1.0,160.0,C8
55.87,0.84,4.41,0.41,1.81,1.61,160.0,C8
56.89,1.6,6.02,0.37,2.21,0.8,0.0,C8
57.87,3.06,18.26,0.2,3.61,0.4,0.0,C8
58.85,1.39,29.7,0.15,4.41,0.8,0.0,C8
59.91,0.62,21.27,0.08,1.81,1.0,0.0,C8
61.01,0.3,8.43,0.0,0.0,4.82,160.0,C8
62.06,0.1,1.81,0.0,0.0,0.4,160.0,C8
62.89,0.2,0.4,0.0,0.0,0.0,160.0,C8
63.93,0.84,0.0,,0.2,0.8,160.0,C8
64.86,3.31,4.62,0.09,0.4,0.0,0.0,C8
65.9,3.81,0.8,0.0,0.0,0.0,0.0,C8
66.88,2.49,3.61,0.22,0.8,1.0,0.0,C8
68.22,1.36,5.62,0.21,1.2,0.2,0.0,C8
69.3,0.78,8.03,0.1,0.8,0.0,160.0,C8
69.86,0.44,7.02,0.09,0.6,0.0,160.0,C8
70.9,0.39,5.82,0.55,3.21,1.61,160.0,C8
71.93,0.58,2.01,0.0,0.0,0.0,160.0,C8
72.88,1.29,12.44,0.47,5.82,1.0,0.0,C8
73.88,1.5,25.49,0.27,6.82,0.6,0.0,C8
75.01,0.55,34.52,0.09,3.21,0.8,0.0,C8
76.0,0.14,19.87,0.05,1.0,2.41,0.0,C8
76.87,0.14,1.61,0.0,0.0,5.22,160.0,C8
77.84,0.13,0.0,,0.0,0.4,160.0,C8
78.88,0.12,0.4,0.0,0.0,2.41,160.0,C8
79.92,0.6,0.0,,0.0,0.2,160.0,C8
80.91,2.03,0.0,,0.0,0.4,0.0,C8
82.12,3.25,0.0,,0.0,0.4,0.0,C8
82.93,1.66,0.2,1.0,0.2,0.6,0.0,C8
83.85,1.08,0.0,,0.0,0.0,0.0,C8
84.93,1.31,0.2,0.0,0.0,0.2,160.0,C8
85.92,0.7,1.0,0.6,0.6,0.0,160.0,C8
86.93,0.95,1.4,1.43,2.01,0.0,160.0,C8
87.87,1.38,2.41,0.5,1.2,0.0,160.0,C8
89.07,2.12,24.28,0.61,14.85,1.0,0.0,C8
89.92,1.68,54.58,0.33,18.06,0.8,0.0,C8
90.84,0.41,44.55,0.1,4.62,1.61,0.0,C8
91.89,0.14,7.83,0.0,0.0,3.01,0.0,C8
92.86,0.14,8.83,0.11,1.0,2.41,160.0,C8
93.92,0.18,5.02,0.28,1.4,1.2,160.0,C8
94.89,0.26,2.61,0.62,1.61,1.0,160.0,C8
96.1,0.57,8.23,0.34,2.81,0.8,160.0,C8
97.07,0.74,17.46,0.38,6.62,0.4,0.0,C8
97.87,1.08,20.47,0.37,7.63,0.4,0.0,C8
98.93,1.02,46.35,0.38,17.46,1.0,0.0,C8
99.91,0.64,23.88,0.09,2.21,0.8,0.0,C8
100.93,0.49,25.49,0.05,1.2,2.01,160.0,C8
101.88,0.36,11.04,0.05,0.6,3.01,160.0,C8
102.99,0.32,7.22,0.11,0.8,0.8,160.0,C8
103.91,0.35,4.01,0.4,1.61,0.6,160.0,C8
104.89,0.65,4.21,1.14,4.82,0.2,0.0,C8
105.92,1.54,4.01,0.05,0.2,1.81,0.0,C8
106.92,1.24,25.69,0.2,5.22,0.6,0.0,C8
107.9,0.52,9.43,0.06,0.6,0.8,0.0,C8
108.92,0.37,18.26,0.05,1.0,1.0,160.0,C8
109.94,0.12,16.66,0.16,2.61,0.4,160.0,C8
110.95,0.11,6.82,0.0,0.0,0.6,160.0,C8
111.86,0.2,2.41,0.0,0.0,0.0,160.0,C8
112.84,1.21,2.01,1.1,2.21,2.81,0.0,C8
113.91,1.76,5.22,0.65,3.41,2.21,0.0,C8
114.91,1.25,12.24,0.41,5.02,0.4,0.0,C8
115.96,0.61,13.65,0.15,2.01,0.2,0.0,C8
116.97,0.33,8.23,0.1,0.8,0.8,160.0,C8
117.94,0.21,6.42,0.22,1.4,0.8,160.0,C8
118.89,0.2,5.62,0.21,1.2,0.8,160.0,C8
119.88,0.23,5.02,0.68,3.41,0.8,160.0,C8
120.9,0.87,6.42,0.81,5.22,0.6,0.0,C8
121.91,1.22,15.05,0.85,12.84,1.2,0.0,C8
122.9,0.73,19.47,0.24,4.62,1.0,0.0,C8
123.96,0.35,18.06,0.13,2.41,2.41,0.0,C8
125.05,0.27,10.03,0.14,1.4,2.41,160.0,C8
125.89,0.16,6.42,0.16,1.0,2.01,160.0,C8
126.93,0.19,3.01,0.27,0.8,1.0,160.0,C8
127.91,0.1,1.4,0.57,0.8,0.4,160.0,C8
128.89,0.71,2.81,0.93,2.61,1.0,0.0,C8
129.9,0.9,5.42,0.33,1.81,0.4,0.0,C8
131.04,1.05,14.25,0.27,3.81,0.0,0.0,C8
131.99,0.56,9.43,0.19,1.81,0.0,0.0,C8
132.9,0.44,4.21,0.24,1.0,0.0,160.0,C8
133.92,0.68,9.43,0.85,8.03,0.0,160.0,C8
134.94,0.5,14.25,0.23,3.21,0.0,160.0,C8
135.91,0.71,20.87,0.19,4.01,0.0,160.0,C8
136.89,0.57,20.27,0.21,4.21,0.0,0.0,C8
138.02,0.57,5.22,0.04,0.2,0.0,0.0,C8
138.89,0.18,16.45,0.12,2.01,1.0,0.0,C8
139.88,0.14,8.63,0.0,0.0,1.0,0.0,C8
140.9,0.42,2.61,0.0,0.0,0.4,160.0,C8
141.89,0.29,4.01,0.05,0.2,1.0,160.0,C8
142.88,0.18,3.61,0.28,1.0,0.8,160.0,C8
143.87,0.69,6.22,0.58,3.61,0.4,160.0,C8
144.95,0.56,7.63,0.13,1.0,0.0,0.0,C8
145.97,1.0,8.43,0.38,3.21,0.0,0.0,C8
146.91,0.19,4.62,0.0,0.0,0.0,0.0,C8
147.91,0.15,15.85,0.37,5.82,0.4,0.0,C8
148.94,0.49,27.09,0.27,7.22,0.8,160.0,C8
149.9,0.57,29.7,0.18,5.22,0.6,160.0,C8
150.88,0.35,22.27,0.11,2.41,1.2,160.0,C8
151.94,0.32,25.28,0.16,4.01,1.2,160.0,C8
152.92,0.14,14.25,0.03,0.4,0.6,0.0,C8
153.9,0.16,4.82,0.0,0.0,1.61,0.0,C8
154.86,0.52,3.41,0.47,1.61,0.8,0.0,C8
155.82,1.41,7.22,0.53,3.81,0.6,0.0,C8
156.93,0.79,12.84,0.14,1.81,1.0,160.0,C8
157.9,0.48,17.06,0.25,4.21,0.8,160.0,C8
158.86,0.41,14.25,0.37,5.22,0.6,160.0,C8
159.93,0.41,12.84,0.06,0.8,0.6,160.0,C8
160.92,0.21,6.62,0.06,0.4,0.4,0.0,C8
161.89,1.5,8.23,0.34,2.81,0.2,0.0,C8
162.91,1.57,9.43,0.3,2.81,0.6,0.0,C8
163.89,1.37,23.68,0.67,15.85,0.0,0.0,C8
164.92,0.77,20.67,0.2,4.21,0.4,160.0,C8
165.84,0.15,20.27,0.06,1.2,0.6,160.0,C8
166.83,0.06,9.83,0.02,0.2,0.0,160.0,C8
167.92,0.09,1.2,0.0,0.0,1.0,160.0,C8
168.87,0.39,1.0,0.0,0.0,0.4,0.0,C8
169.89,0.72,0.4,0.0,0.0,0.4,0.0,C8
170.94,1.31,3.61,0.22,0.8,1.2,0.0,C8
171.88,2.63,2.21,0.73,1.61,0.8,0.0,C8
172.93,0.97,4.41,0.59,2.61,0.4,160.0,C8
173.82,0.42,9.23,0.11,1.0,0.2,160.0,C8
174.89,0.21,6.82,0.18,1.2,0.2,160.0,C8
175.91,0.46,6.22,1.0,6.22,0.4,160.0,C8
176.9,0.84,5.02,1.2,6.02,0.4,0.0,C8
177.94,1.07,13.85,0.48,6.62,1.0,0.0,C8
178.88,0.65,20.07,0.16,3.21,0.6,0.0,C8
179.84,0.19,19.26,0.05,1.0,0.6,0.0,C8
180.86,0.13,11.44,0.05,0.6,0.2,160.0,C8
181.86,0.13,2.21,0.18,0.4,0.6,160.0,C8
182.99,0.33,3.21,0.13,0.4,0.8,160.0,C8
0.0,1.92,16.25,0.53,8.63,0.4,160.0,C9
1.02,1.58,43.75,0.48,21.07,0.6,160.0,C9
2.05,0.62,42.94,0.1,4.41,1.81,160.0,C9
2.91,0.55,36.12,0.17,6.02,1.61,160.0,C9
4.08,1.12,42.54,0.42,17.66,1.0,160.0,C9
4.96,1.48,69.63,0.38,26.69,0.4,0.0,C9
6.02,1.61,69.03,0.44,30.3,1.61,0.0,C9
7.0,0.72,67.43,0.17,11.44,0.6,0.0,C9
7.93,0.4,41.74,0.12,5.02,0.4,0.0,C9
8.99,0.33,21.27,0.13,2.81,2.01,160.0,C9
10.07,0.15,9.23,0.24,2.21,0.4,160.0,C9
11.11,0.23,3.21,0.13,0.4,0.4,160.0,C9
11.99,0.75,1.2,1.5,1.81,0.4,160.0,C9
12.98,1.86,1.0,2.2,2.21,0.0,0.0,C9
14.0,2.78,4.82,0.33,1.61,0.0,0.0,C9
15.06,2.67,8.43,0.57,4.82,0.0,0.0,C9
16.03,1.77,7.83,0.26,2.01,0.0,0.0,C9
16.99,1.43,14.45,0.26,3.81,0.0,160.0,C9
18.04,0.57,11.04,0.24,2.61,0.2,160.0,C9
19.09,0.73,10.64,0.62,6.62,0.0,160.0,C9
19.98,0.85,11.44,0.84,9.63,0.0,160.0,C9
20.99,1.04,27.09,0.75,20.27,0.6,0.0,C9
21.95,1.69,31.3,0.53,16.45,1.0,0.0,C9
22.99,1.07,35.32,0.3,10.64,0.4,0.0,C9
24.13,0.95,30.5,0.26,8.03,0.8,0.0,C9
25.11,0.68,21.07,0.28,5.82,0.8,160.0,C9
26.0,0.24,11.84,0.19,2.21,0.4,160.0,C9
26.98,0.33,6.82,0.21,1.4,0.0,160.0,C9
27.95,0.82,6.62,0.36,2.41,0.2,160.0,C9
28.99,1.19,3.41,1.0,3.41,0.4,0.0,C9
29.96,2.04,7.83,0.56,4.41,0.0,0.0,C9
31.08,1.98,14.25,0.37,5.22,0.4,0.0,C9
32.07,1.76,15.65,0.31,4.82,0.2,0.0,C9
33.01,1.47,25.89,0.31,8.03,0.6,160.0,C9
34.0,0.44,23.48,0.13,3.01,0.2,160.0,C9
35.01,0.27,13.04,0.12,1.61,1.81,160.0,C9
36.01,0.47,7.63,0.26,2.01,0.6,160.0,C9
37.0,0.88,6.42,0.88,5.62,0.6,0.0,C9
38.09,2.21,13.85,0.64,8.83,0.2,0.0,C9
39.1,2.3,15.45,0.49,7.63,0.4,0.0,C9
39.98,1.82,29.1,0.37,10.84,0.0,0.0,C9
41.0,1.07,25.08,0.2,5.02,2.01,160.0,C9
42.0,0.33,18.86,0.27,5.02,0.0,160.0,C9
42.98,0.54,9.63,0.15,1.4,0.0,160.0,C9
44.0,0.58,8.03,0.28,2.21,0.0,160.0,C9
45.11,1.03,7.83,0.54,4.21,0.6,0.0,C9
45.9,2.3,15.45,0.74,11.44,0.4,0.0,C9
46.98,2.15,29.3,0.39,11.44,0.6,0.0,C9
48.0,1.59,41.94,0.27,11.24,0.0,0.0,C9
49.0,1.04,24.28,0.26,6.22,0.0,160.0,C9
50.01,0.41,25.89,0.25,6.42,0.2,160.0,C9
51.02,0.39,16.66,0.33,5.42,0.4,160.0,C9
52.33,0.79,14.25,0.31,4.41,0.0,160.0,C9
53.07,1.04,12.24,0.74,9.03,0.4,0.0,C9
54.0,2.04,27.09,0.46,12.44,0.2,0.0,C9
55.01,1.91,26.09,0.38,9.83,0.4,0.0,C9
56.03,1.14,33.31,0.25,8.43,0.0,0.0,C9
57.06,0.89,29.1,0.23,6.82,0.0,160.0,C9
57.97,0.36,21.67,0.17,3.61,0.0,160.0,C9
59.04,0.44,18.86,0.16,3.01,0.6,160.0,C9
59.99,0.71,19.47,0.52,10.03,0.4,160.0,C9
60.97,1.05,17.26,0.7,12.04,0.6,0.0,C9
61.99,2.23,21.87,0.74,16.25,0.4,0.0,C9
62.99,1.97,38.33,0.48,18.46,0.4,0.0,C9
64.04,1.25,37.93,0.3,11.44,0.4,0.0,C9
65.05,0.85,38.13,0.26,9.83,,160.0,C9
66.12,0.27,30.9,0.17,5.22,0.4,160.0,C9
67.06,0.43,21.67,0.19,4.01,0.6,160.0,C9
67.96,0.73,17.66,0.31,5.42,0.2,160.0,C9
68.95,1.17,15.65,0.62,9.63,0.2,0.0,C9
70.02,2.39,23.28,0.67,15.65,0.2,0.0,C9
71.05,2.1,33.91,0.46,15.65,0.4,0.0,C9
72.02,1.28,44.75,0.28,12.64,0.0,0.0,C9
73.07,0.99,42.94,0.25,10.64,0.0,160.0,C9
74.03,0.31,30.3,0.16,4.82,0.0,160.0,C9
75.0,0.36,20.67,0.09,1.81,0.2,160.0,C9
76.0,0.57,13.04,0.49,6.42,0.2,160.0,C9
77.0,0.94,9.23,0.41,3.81,0.4,0.0,C9
78.0,2.23,12.64,0.49,6.22,0.0,0.0,C9
79.01,2.25,21.07,0.39,8.23,0.0,0.0,C9
80.12,1.79,36.32,0.31,11.44,0.0,0.0,C9
81.14,1.12,33.11,0.25,8.23,0.0,160.0,C9
82.0,0.45,29.3,0.15,4.41,0.0,160.0,C9
83.01,0.45,20.47,0.2,4.01,0.8,160.0,C9
84.0,0.61,14.65,0.41,6.02,0.8,160.0,C9
85.07,1.1,12.44,0.53,6.62,0.2,0.0,C9
86.08,2.45,21.67,0.55,11.84,0.0,0.0,C9
87.19,1.24,43.95,0.29,12.64,0.0,0.0,C9
88.21,1.28,48.36,0.29,14.05,0.4,0.0,C9
89.16,0.78,44.75,0.22,9.63,0.2,160.0,C9
90.01,0.38,21.47,0.27,5.82,0.2,160.0,C9
91.14,0.39,22.07,0.14,3.01,1.61,160.0,C9
91.99,0.58,12.04,0.32,3.81,0.0,160.0,C9
92.99,0.95,14.45,0.64,9.23,0.4,0.0,C9
94.07,2.11,17.66,0.57,10.03,0.4,0.0,C9
95.09,1.86,35.12,0.35,12.24,0.4,0.0,C9
95.98,1.61,38.33,0.35,13.24,0.6,0.0,C9
96.97,0.87,49.77,0.23,11.44,0.4,160.0,C9
98.02,0.28,35.92,0.16,5.62,0.0,160.0,C9
99.03,0.34,14.05,0.23,3.21,0.0,160.0,C9
99.95,0.49,17.86,0.17,3.01,0.4,160.0,C9
101.14,0.91,12.04,0.38,4.62,1.0,0.0,C9
102.1,2.14,28.09,0.41,11.64,1.4,0.0,C9
103.11,2.24,21.27,0.38,8.03,0.0,0.0,C9
103.95,1.85,41.54,0.38,15.85,0.4,0.0,C9
105.09,1.03,44.35,0.23,10.23,0.4,160.0,C9
106.11,0.35,37.53,0.13,4.82,0.6,160.0,C9
107.02,0.4,25.28,0.12,3.01,0.4,160.0,C9
108.1,0.51,16.86,0.31,5.22,0.0,160.0,C9
109.16,0.91,15.25,0.29,4.41,0.0,0.0,C9
109.99,0.49,14.05,0.66,9.23,0.4,0.0,C9
110.97,0.89,20.27,0.45,9.03,0.0,0.0,C9
112.0,1.45,47.96,0.48,23.08,0.0,0.0,C9
113.05,0.83,43.75,0.23,10.23,0.0,160.0,C9
114.01,0.3,47.36,0.12,5.82,0.4,160.0,C9
115.1,0.32,14.05,0.11,1.61,0.6,160.0,C9
116.25,0.54,16.45,0.28,4.62,0.4,160.0,C9
116.96,0.71,18.46,0.39,7.22,0.2,0.0,C9
117.95,1.58,16.86,0.51,8.63,0.2,0.0,C9
118.95,1.67,27.09,0.5,13.44,0.2,0.0,C9
120.03,0.76,51.37,0.25,13.04,0.4,0.0,C9
120.99,0.6,39.93,0.28,11.04,0.8,160.0,C9
122.25,0.69,23.28,0.34,7.83,0.0,160.0,C9
123.34,0.77,34.31,0.38,13.04,0.4,160.0,C9
123.98,0.88,42.34,0.32,13.65,4.62,160.0,C9
124.99,0.85,40.54,0.4,16.25,0.0,0.0,C9
126.0,0.78,55.79,0.38,21.27,0.4,0.0,C9
126.96,1.27,75.05,0.18,13.44,0.2,0.0,C9
128.07,0.88,81.27,0.34,27.29,0.0,0.0,C9
129.29,0.61,74.85,0.26,19.26,0.0,160.0,C9
130.04,0.22,90.3,0.2,17.86,0.0,160.0,C9
130.96,0.25,44.15,0.14,6.02,0.6,160.0,C9
131.94,0.52,21.27,0.26,5.62,0.2,160.0,C9
133.02,0.6,19.67,0.37,7.22,0.2,0.0,C9
134.01,1.28,21.47,0.55,11.84,0.0,0.0,C9
134.97,1.34,33.91,0.44,15.05,0.0,0.0,C9
136.16,0.67,57.39,0.3,17.46,0.2,0.0,C9
137.07,0.99,52.78,0.26,13.85,0.0,160.0,C9
137.99,0.27,42.54,0.24,10.03,0.6,160.0,C9
139.01,0.32,29.9,0.18,5.42,0.0,160.0,C9
140.07,0.5,19.87,0.51,10.03,0.0,160.0,C9
