cycle_id,target_time,last_input_time,algae_actual,algae_predicted,algae_last_input,algae_actual_change,algae_predicted_change,rotifers_actual,rotifers_predicted,rotifers_last_input,rotifers_actual_change,rotifers_predicted_change
C1,320.0,319.0,0.36,0.4735834,0.1575,0.20250002,0.3160834,21.038422,21.641562,25.765,-4.7265778,-4.123438
C1,321.0,320.0,0.36,0.47056463,0.36,0.0,0.11056462,35.643684,25.955027,21.038422,14.605263,4.916605
C1,322.0,321.0,0.35631147,0.43571278,0.36,-0.003688544,0.07571277,54.166885,30.099962,35.643684,18.523201,-5.543722
C1,323.0,322.0,0.28254098,0.37176183,0.35631147,-0.07377049,0.015450358,73.90459,31.406328,54.166885,19.737701,-22.760557
C1,324.0,323.0,0.15607843,0.36706945,0.28254098,-0.12646255,0.084528476,129.02107,53.888573,73.90459,55.116486,-20.016014
C1,325.0,324.0,0.14714286,0.28090516,0.15607843,-0.008935571,0.12482673,82.32886,43.987823,129.02107,-46.692215,-85.03325
C1,326.0,325.0,0.105,0.3183792,0.14714286,-0.04214286,0.17123634,20.2238,27.302399,82.32886,-62.105057,-55.02646
C1,327.0,326.0,0.6103,0.38180748,0.105,0.5053,0.2768075,16.0795,17.558502,20.2238,-4.1443005,-2.6652985
C1,328.0,327.0,1.6290722,0.4748533,0.6103,1.0187721,-0.1354467,59.02608,16.005213,16.0795,42.94658,-0.074287415
C1,329.0,328.0,1.5058461,0.81351495,1.6290722,-0.12322605,-0.81555724,103.79523,57.50426,59.02608,44.769146,-1.5218201
C1,330.0,329.0,0.652,1.1635993,1.5058461,-0.85384613,-0.3422469,200.426,96.07937,103.79523,96.63077,-7.7158585
C1,331.0,330.0,0.45336843,1.1173444,0.652,-0.19863158,0.46534437,94.09484,60.87523,200.426,-106.331154,-139.55077
C1,332.0,331.0,0.3331313,0.81372845,0.45336843,-0.12023711,0.36036003,13.606565,22.533213,94.09484,-80.48827,-71.56163
C1,333.0,332.0,0.6132039,0.7049898,0.3331313,0.28007257,0.37185848,10.093689,13.377188,13.606565,-3.5128765,-0.22937775
C1,334.0,333.0,1.1711111,0.81889015,0.6132039,0.5579072,0.20568627,27.880833,11.372355,10.093689,17.787144,1.2786665
C1,335.0,334.0,1.8748149,0.95512354,1.1711111,0.70370376,-0.21598756,47.57528,21.67965,27.880833,19.694447,-6.2011833
C1,336.0,335.0,0.64716536,1.1039844,1.8748149,-1.2276495,-0.7708305,68.68953,43.546043,47.57528,21.11425,-4.029236
C1,337.0,336.0,0.55267715,0.90143114,0.64716536,-0.0944882,0.2542658,50.67378,41.278606,68.68953,-18.01575,-27.410923
C1,338.0,337.0,0.2982927,0.7926654,0.55267715,-0.25438446,0.23998827,27.757805,36.16961,50.67378,-22.915974,-14.504169
C1,339.0,338.0,0.2796875,0.7618707,0.2982927,-0.018605202,0.463578,11.545938,25.754341,27.757805,-16.211868,-2.0034637
C1,340.0,339.0,0.60044247,0.80894524,0.2796875,0.32075498,0.5292578,9.040089,20.116291,11.545938,-2.505849,8.5703535
C1,341.0,340.0,0.89247787,1.0008038,0.60044247,0.2920354,0.40036136,14.898496,17.350897,9.040089,5.858407,8.310808
C1,342.0,341.0,1.0982902,1.1682779,0.89247787,0.20581234,0.2758,33.313976,26.24291,14.898496,18.415482,11.344415
C1,343.0,342.0,1.0128032,0.9924505,1.0982902,-0.08548701,-0.10583973,33.512783,45.05835,33.313976,0.19880676,11.744373
C1,344.0,343.0,0.9273161,0.8511825,1.0128032,-0.08548707,-0.16162068,33.71159,47.496685,33.512783,0.19880676,13.983902
C1,345.0,344.0,0.841829,0.79497254,0.9273161,-0.08548713,-0.13234359,33.910397,41.35409,33.71159,0.19880676,7.642502
C1,346.0,345.0,0.75634193,0.7282465,0.841829,-0.08548707,-0.11358249,34.109203,35.60783,33.910397,0.19880676,1.6974335
C1,347.0,346.0,0.67085487,0.7200937,0.75634193,-0.08548707,-0.036248207,34.30801,32.223774,34.109203,0.19880676,-1.8854294
C1,348.0,347.0,0.47,0.7173097,0.67085487,-0.20085487,0.046454847,39.738117,29.924593,34.30801,5.430107,-4.383417
C1,349.0,348.0,0.47,0.6840343,0.47,0.0,0.21403429,34.941013,28.988737,39.738117,-4.797104,-10.74938
C1,350.0,349.0,0.47,0.66523993,0.47,0.0,0.19523993,30.143913,27.49944,34.941013,-4.7971,-7.441574
C1,351.0,350.0,0.47,0.6500626,0.47,0.0,0.18006262,25.346811,26.096956,30.143913,-4.797102,-4.046957
C1,352.0,351.0,0.47,0.64374906,0.47,0.0,0.17374906,20.54971,25.235964,25.346811,-4.797102,-0.11084747
C1,353.0,352.0,0.7100971,0.6381745,0.47,0.24009708,0.16817448,21.53369,24.918598,20.54971,0.9839802,4.368889
C1,354.0,353.0,1.2358416,0.6583635,0.7100971,0.52574456,-0.051733553,45.09693,26.642015,21.53369,23.563242,5.108326
C1,355.0,354.0,0.6414286,0.75010663,1.2358416,-0.59441304,-0.485735,62.54663,45.170185,45.09693,17.4497,0.07325363
C1,356.0,355.0,0.3735,0.6523105,0.6414286,-0.2679286,0.010881901,40.908,41.08505,62.54663,-21.63863,-21.461582
C1,357.0,356.0,0.43959677,0.55985117,0.3735,0.06609678,0.18635118,28.487097,26.056082,40.908,-12.420904,-14.851919
C1,358.0,357.0,0.43153226,0.57525563,0.43959677,-0.008064508,0.13565886,20.229033,20.138523,28.487097,-8.258064,-8.348574
C1,359.0,358.0,0.5075532,0.6327452,0.43153226,0.076020956,0.20121294,19.53032,19.320692,20.229033,-0.6987133,-0.90834045
C1,360.0,359.0,0.6584091,0.66989315,0.5075532,0.1508559,0.16233993,10.742614,19.991991,19.53032,-8.787705,0.46167183
C1,361.0,360.0,1.127619,0.75621736,0.6584091,0.4692099,0.09780824,37.61476,23.581106,10.742614,26.872147,12.838492
C1,362.0,361.0,0.44515464,0.7533791,1.127619,-0.68246436,-0.37423992,35.72361,30.078001,37.61476,-1.8911514,-7.5367603
C1,363.0,362.0,0.5580392,0.63869727,0.44515464,0.11288455,0.19354263,21.793922,31.344856,35.72361,-13.9296875,-4.3787537
C1,364.0,363.0,0.7589908,0.60114574,0.5580392,0.20095164,0.043106556,30.57633,25.950527,21.793922,8.782408,4.156605
C1,365.0,364.0,0.5755046,0.6378331,0.7589908,-0.18348622,-0.121157706,35.181835,29.71707,30.57633,4.605505,-0.85926056
C1,366.0,365.0,0.35069564,0.62800115,0.5755046,-0.22480896,0.052496552,22.625652,33.49334,35.181835,-12.556183,-1.6884956
C1,367.0,366.0,0.48708737,0.58466387,0.35069564,0.13639173,0.23396823,15.210971,26.980307,22.625652,-7.4146814,4.3546543
C1,368.0,367.0,0.7761856,0.61532444,0.48708737,0.2890982,0.12823707,21.901958,26.648163,15.210971,6.6909876,11.437192
C1,369.0,368.0,0.8364706,0.66612977,0.7761856,0.06028503,-0.110055804,34.89147,30.837069,21.901958,12.989513,8.93511
C1,370.0,369.0,0.48107845,0.6538356,0.8364706,-0.35539216,-0.18263501,37.697155,34.619823,34.89147,2.8056831,-0.2716484
C1,371.0,370.0,0.37407768,0.5586386,0.48107845,-0.10700077,0.07756013,23.182913,26.557623,37.697155,-14.514242,-11.139532
C1,372.0,371.0,0.65058255,0.53734225,0.37407768,0.27650487,0.16326457,13.712815,18.167704,23.182913,-9.470098,-5.015209
C1,373.0,372.0,0.6797087,0.63619536,0.65058255,0.029126167,-0.01438719,27.353592,18.802315,13.712815,13.640777,5.0894995
C1,374.0,373.0,0.79,0.68338364,0.6797087,0.1102913,0.0036749244,36.52,26.250116,27.353592,9.166409,-1.1034756
C10,170.0,169.0,0.4,0.41677338,0.37,0.030000001,0.046773374,7.83,13.972127,9.03,-1.1999998,4.942127
C10,171.0,170.0,0.28,0.4309634,0.4,-0.120000005,0.030963391,12.44,15.544985,7.83,4.6099997,7.714985
C10,172.0,171.0,0.18,0.4104736,0.28,-0.099999994,0.13047358,14.45,15.017112,12.44,2.0100002,2.5771122
C10,173.0,172.0,0.15,0.38735598,0.18,-0.030000001,0.20735598,9.83,13.170834,14.45,-4.62,-1.2791662
C10,174.0,173.0,0.34,0.3514663,0.15,0.19,0.20146629,2.41,9.579728,9.83,-7.42,-0.2502718
C10,175.0,174.0,0.31,0.3519158,0.34,-0.030000001,0.011915803,3.61,7.188301,2.41,1.1999998,4.7783012
C10,176.0,175.0,0.28,0.34624687,0.31,-0.030000001,0.036246866,5.82,6.010974,3.61,2.2100003,2.400974
C10,177.0,176.0,0.23,0.3686632,0.28,-0.049999997,0.08866319,9.03,9.103458,5.82,3.2099996,3.2834582
C10,178.0,177.0,0.19,0.36635083,0.23,-0.040000007,0.13635083,0.8,11.321813,9.03,-8.23,2.291813
C10,179.0,178.0,0.28,0.36924922,0.19,0.09,0.17924923,1.2,9.306968,0.8,0.40000004,8.506968
C10,180.0,179.0,0.24,0.3550606,0.28,-0.040000007,0.075060606,4.82,6.980184,1.2,3.6200001,5.780184
C10,181.0,180.0,0.24,0.32365513,0.24,0.0,0.083655134,5.42,5.6874094,4.82,0.5999999,0.8674092
C10,182.0,181.0,0.27,0.306486,0.24,0.030000016,0.066486016,11.64,5.9050264,5.42,6.2200003,0.48502636
C10,183.0,182.0,0.48,0.31192273,0.27,0.20999998,0.04192272,9.63,8.368821,11.64,-2.0100002,-3.2711792
C10,184.0,183.0,0.23,0.3168359,0.48,-0.24999999,-0.16316408,6.02,10.298569,9.63,-3.6100001,0.6685686
C10,185.0,184.0,0.22,0.29307857,0.23,-0.010000005,0.06307857,3.41,8.178497,6.02,-2.61,2.1584973
C10,186.0,185.0,0.89,0.2839968,0.22,0.66999996,0.06399679,9.63,6.2276993,3.41,6.2200003,2.8176992
C10,187.0,186.0,0.18,0.30920836,0.89,-0.71,-0.5807916,4.41,6.9149203,9.63,-5.2200003,-2.7150798
C10,188.0,187.0,0.2,0.29552346,0.18,0.019999996,0.11552346,5.22,5.9379506,4.41,0.80999994,1.5279508
C10,189.0,188.0,0.24,0.2955083,0.2,0.03999999,0.09550829,3.81,5.7818937,5.22,-1.4099998,0.56189394
C10,190.0,189.0,0.22,0.3027212,0.24,-0.019999996,0.06272121,4.01,6.024438,3.81,0.20000029,2.214438
C10,191.0,190.0,0.27,0.31672654,0.22,0.050000012,0.09672654,9.63,7.9390798,4.01,5.62,3.9290795
C10,192.0,191.0,0.26,0.30959475,0.27,-0.01000002,0.03959474,5.22,9.133094,9.63,-4.4100003,-0.49690628
C10,193.0,192.0,0.27,0.31795418,0.26,0.01000002,0.057954192,7.83,10.45317,5.22,2.6100001,5.23317
C10,194.0,193.0,0.16,0.329879,0.27,-0.110000014,0.059878975,5.82,10.7342615,7.83,-2.0099998,2.9042616
C10,195.0,194.0,0.29,0.33101684,0.16,0.13,0.17101684,8.83,10.102843,5.82,3.0099998,4.282843
C10,196.0,195.0,0.24,0.32393458,0.29,-0.049999997,0.033934593,4.82,9.687178,8.83,-4.0099998,0.85717773
C10,197.0,196.0,0.2,0.30231225,0.24,-0.03999999,0.06231226,2.41,8.260928,4.82,-2.41,3.440928
C2,163.0,162.0,0.47,0.7178028,1.01,-0.53999996,-0.29219717,23.88,21.013046,8.83,15.049999,12.183046
C2,164.0,163.0,0.36,0.5814355,0.47,-0.109999985,0.1114355,14.45,21.230825,23.88,-9.429999,-2.6491737
C2,165.0,164.0,0.32,0.48448566,0.36,-0.04000002,0.12448564,9.83,16.196568,14.45,-4.62,1.7465677
C2,166.0,165.0,0.41,0.42983192,0.32,0.09,0.10983193,8.83,10.87941,9.83,-1.0,1.0494099
C2,167.0,166.0,0.74,0.45485008,0.41,0.33,0.04485008,14.25,11.334541,8.83,5.42,2.5045414
C2,168.0,167.0,0.64,0.5680775,0.74,-0.100000024,-0.1719225,23.88,16.39573,14.25,9.629999,2.145729
C2,169.0,168.0,0.56,0.5650667,0.64,-0.07999998,-0.07493329,28.09,21.106997,23.88,4.210001,-2.7730026
C2,170.0,169.0,0.46,0.51698464,0.56,-0.099999994,-0.04301536,1.4,23.906101,28.09,-26.69,-4.183899
C2,171.0,170.0,0.71,0.46929792,0.46,0.24999997,0.009297907,5.42,14.684131,1.4,4.02,13.284131
C2,172.0,171.0,0.53,0.4315635,0.71,-0.18,-0.27843648,15.25,9.301936,5.42,9.83,3.881936
C2,173.0,172.0,0.3,0.43786675,0.53,-0.22999996,-0.092133224,10.03,8.538631,15.25,-5.2200003,-6.7113686
C2,174.0,173.0,0.26,0.42912108,0.3,-0.04000002,0.12912107,11.84,7.3648996,10.03,1.8100004,-2.6651
C2,175.0,174.0,0.62,0.45529625,0.26,0.36,0.19529626,7.22,7.766458,11.84,-4.6200004,-4.073542
C2,176.0,175.0,0.77,0.6032013,0.62,0.14999998,-0.016798675,12.44,10.244589,7.22,5.22,3.024589
C2,177.0,176.0,0.74,0.73147416,0.77,-0.029999971,-0.03852582,4.01,18.30732,12.44,-8.429999,5.86732
C2,178.0,177.0,0.29,0.63564825,0.74,-0.45000002,-0.10435176,19.06,15.606216,4.01,15.049999,11.596216
C2,179.0,178.0,0.39,0.46710855,0.29,0.099999994,0.17710856,9.23,14.01698,19.06,-9.83,-5.0430193
C2,180.0,179.0,0.41,0.44223946,0.39,0.02000001,0.052239478,11.44,14.096345,9.23,2.21,4.8663454
C2,181.0,180.0,1.04,0.39714688,0.41,0.63,-0.012853116,11.04,11.583584,11.44,-0.39999962,0.14358425
C2,182.0,181.0,0.44,0.48446435,1.04,-0.59999996,-0.5555356,9.23,10.607354,11.04,-1.8100004,-0.4326458
C2,183.0,182.0,0.21,0.479324,0.44,-0.23,0.039324015,14.45,8.895224,9.23,5.2200003,-0.33477592
C2,184.0,183.0,0.11,0.40802723,0.21,-0.099999994,0.19802724,5.82,8.155139,14.45,-8.629999,-6.294861
C2,185.0,184.0,0.42,0.39466074,0.11,0.31,0.28466076,5.62,8.238909,5.82,-0.20000029,2.4189086
C2,186.0,185.0,0.45,0.48810643,0.42,0.030000001,0.06810644,6.02,12.208876,5.62,0.4000001,6.588876
C2,187.0,186.0,0.37,0.45945874,0.45,-0.07999998,0.0094587505,12.44,13.322858,6.02,6.4199996,7.302858
C2,188.0,187.0,0.53,0.37577894,0.37,0.15999997,0.0057789385,8.03,13.992802,12.44,-4.41,1.5528021
C2,189.0,188.0,0.44,0.34888023,0.53,-0.089999974,-0.18111974,5.02,12.40664,8.03,-3.0099998,4.3766403
C3,157.0,156.0,0.31462264,0.44948888,0.2840367,0.030585945,0.16545218,7.709434,9.98195,4.4827523,3.2266817,5.4991975
C3,158.0,157.0,0.2607317,0.42892343,0.31462264,-0.053890944,0.11430079,4.4590244,12.124253,7.709434,-3.2504096,4.4148192
C3,159.0,158.0,0.30714285,0.36778566,0.2607317,0.046411157,0.107053965,4.2214284,12.020027,4.4590244,-0.23759604,7.5610027
C3,160.0,159.0,0.3308738,0.32072547,0.30714285,0.023730934,0.013582617,0.511068,11.321627,4.2214284,-3.7103605,7.1001983
C3,161.0,160.0,0.41825244,0.33676547,0.3308738,0.08737865,0.0058916807,11.617864,11.251156,0.511068,11.106795,10.7400875
C3,162.0,161.0,0.39,0.27509293,0.41825244,-0.028252453,-0.14315951,26.09,13.896259,11.617864,14.4721365,2.2783957
C3,163.0,162.0,0.29298508,0.25262403,0.39,-0.097014904,-0.13737595,28.037762,16.192211,26.09,1.9477615,-9.897789
C3,164.0,163.0,0.20550458,0.2720211,0.29298508,-0.0874805,-0.020963967,13.992293,15.868551,28.037762,-14.045468,-12.16921
C3,165.0,164.0,0.3410577,0.32438177,0.20550458,0.1355531,0.11887719,9.25125,11.787265,13.992293,-4.741043,-2.2050285
C3,166.0,165.0,0.44682693,0.35152593,0.3410577,0.10576925,0.010468245,11.37625,8.563407,9.25125,2.125,-0.6878433
C3,167.0,166.0,0.43116504,0.37821013,0.44682693,-0.015661895,-0.06861681,11.44,8.595194,11.37625,0.06374931,-2.7810564
C3,168.0,167.0,0.37,0.4507389,0.43116504,-0.061165035,0.019573867,18.26,12.340399,11.44,6.8200006,0.9003992
C3,169.0,168.0,0.4,0.42669052,0.37,0.030000001,0.056690514,18.46,14.047478,18.26,0.19999886,-4.2125225
C3,170.0,169.0,0.32105264,0.3806825,0.4,-0.078947365,-0.019317508,22.512632,13.522492,18.46,4.0526333,-4.9375067
C3,171.0,170.0,0.12571429,0.37779826,0.32105264,-0.19533835,0.05674562,14.444898,13.678795,22.512632,-8.067735,-8.8338375
C3,172.0,171.0,0.25,0.37900993,0.12571429,0.12428571,0.25329566,5.62,12.111107,14.444898,-8.824898,-2.3337908
C3,173.0,172.0,0.2991262,0.38328028,0.25,0.049126208,0.13328028,6.33233,9.057758,5.62,0.71233034,3.4377584
C3,174.0,173.0,0.27,0.4393885,0.2991262,-0.029126197,0.1402623,3.41,10.734459,6.33233,-2.9223301,4.4021287
C3,175.0,174.0,0.34619048,0.43142667,0.27,0.07619047,0.16142666,1.4957143,11.681594,3.41,-1.9142858,8.271594
C3,176.0,175.0,0.38838384,0.39153636,0.34619048,0.042193353,0.045345873,9.873232,9.923231,1.4957143,8.377518,8.427517
C3,177.0,176.0,0.27,0.38310176,0.38838384,-0.118383825,-0.005282074,13.606,11.518503,9.873232,3.732768,1.6452713
C3,178.0,177.0,0.17512195,0.30159676,0.27,-0.09487806,0.03159675,13.14317,11.460417,13.606,-0.4628296,-2.1455832
C3,179.0,178.0,0.3298131,0.29235163,0.17512195,0.15469114,0.117229685,10.003832,10.552646,13.14317,-3.1393385,-2.5905247
C3,180.0,179.0,0.3204673,0.30432725,0.3298131,-0.0093458,-0.025485843,8.69542,8.761905,10.003832,-1.3084116,-1.2419271
C3,181.0,180.0,0.20484848,0.31810963,0.3204673,-0.11561881,-0.0023576617,9.589596,8.676279,8.69542,0.8941755,-0.019141197
C3,182.0,181.0,0.2,0.3143675,0.20484848,-0.00484848,0.10951902,9.63,9.931461,9.589596,0.04040432,0.34186554
C4,120.0,119.0,0.4764151,0.48389754,0.18761905,0.28879607,0.29627848,13.332453,14.960742,10.116667,3.215786,4.844075
C4,121.0,120.0,1.004717,0.46866184,0.4764151,0.5283019,-0.007753253,23.181509,27.174828,13.332453,9.849056,13.842375
C4,122.0,121.0,0.95225,0.49331522,1.004717,-0.05246699,-0.5114018,35.20125,43.050457,23.181509,12.019739,19.868948
C4,123.0,122.0,0.896,0.44642654,0.95225,-0.056249976,-0.5058235,36.7464,41.891335,35.20125,1.5451508,6.6900864
C4,124.0,123.0,0.5139394,0.4694995,0.896,-0.38206065,-0.42650053,45.830303,45.613667,36.7464,9.083904,8.867268
C4,125.0,124.0,0.42831683,0.44157642,0.5139394,-0.08562255,-0.07236296,34.296833,35.255817,45.830303,-11.53347,-10.574486
C4,126.0,125.0,0.53117645,0.45207158,0.42831683,0.10285962,0.023754746,30.474117,24.75454,34.296833,-3.8227158,-9.542294
C4,127.0,126.0,0.39583334,0.52548474,0.53117645,-0.1353431,-0.005691707,17.544167,19.251133,30.474117,-12.929951,-11.222984
C4,128.0,127.0,0.52232,0.6111853,0.39583334,0.12648663,0.21535197,24.79936,20.326557,17.544167,7.2551937,2.7823906
C4,129.0,128.0,0.42632,0.6601006,0.52232,-0.095999986,0.1377806,33.79136,27.566793,24.79936,8.991999,2.7674332
C4,130.0,129.0,0.46533334,0.607834,0.42632,0.039013356,0.181514,25.170286,26.680454,33.79136,-8.621073,-7.1109047
C4,131.0,130.0,0.45727274,0.5706348,0.46533334,-0.008060604,0.10530144,19.57091,24.072618,25.170286,-5.5993767,-1.0976677
C4,132.0,131.0,0.56116503,0.584145,0.45727274,0.1038923,0.12687227,28.035728,27.966919,19.57091,8.464819,8.396009
C4,133.0,132.0,0.43958762,0.5818744,0.56116503,-0.12157741,0.020709336,35.097733,36.78817,28.035728,7.062004,8.752441
C4,134.0,133.0,0.423,0.50231004,0.43958762,-0.016587615,0.062722415,24.9573,32.11084,35.097733,-10.140432,-2.9868927
C4,135.0,134.0,0.3209,0.47120902,0.423,-0.102100015,0.04820901,20.726,25.982916,24.9573,-4.2313004,1.0256157
C4,136.0,135.0,0.23262136,0.476902,0.3209,-0.08827864,0.15600201,21.743204,21.819782,20.726,1.0172043,1.0937824
C4,137.0,136.0,0.666,0.4777917,0.23262136,0.43337864,0.24517034,26.14,17.953117,21.743204,4.3967953,-3.7900867
C4,138.0,137.0,0.33,0.5501627,0.666,-0.336,-0.115837336,41.74,25.512323,26.14,15.600002,-0.627676
C5,76.0,75.0,0.8299029,0.43679303,0.67844445,0.15145844,-0.24165142,30.595146,19.772112,23.924667,6.670479,-4.1525555
C5,77.0,76.0,0.7742424,0.46106347,0.8299029,-0.055660486,-0.3688394,36.267372,23.421877,30.595146,5.672226,-7.1732693
C5,78.0,77.0,0.672,0.47401336,0.7742424,-0.10224241,-0.30022904,48.446,23.8157,36.267372,12.178627,-12.451672
C5,79.0,78.0,0.398,0.48654413,0.672,-0.274,-0.18545586,46.68,24.749632,48.446,-1.7659988,-23.696367
C5,80.0,79.0,0.27970296,0.47571406,0.398,-0.11829704,0.077714056,23.452871,20.937147,46.68,-23.227129,-25.742853
C5,81.0,80.0,0.22387096,0.4935841,0.27970296,-0.055832,0.21388113,10.618602,13.9521055,23.452871,-12.83427,-9.500766
C5,82.0,81.0,0.16132076,0.49731165,0.22387096,-0.0625502,0.2734407,8.9092455,8.566412,10.618602,-1.7093563,-2.0521898
C5,83.0,82.0,0.19242424,0.54717547,0.16132076,0.031103477,0.38585472,4.9451513,8.517304,8.9092455,-3.9640942,-0.39194107
C5,84.0,83.0,0.28535715,0.68328524,0.19242424,0.09293291,0.490861,4.7761607,9.357806,4.9451513,-0.16899061,4.412655
C5,85.0,84.0,1.011087,0.70576984,0.28535715,0.7257298,0.4204127,7.8101087,13.683697,4.7761607,3.033948,8.907536
C5,86.0,85.0,1.6,0.7445323,1.011087,0.5889131,-0.26655465,9.03,19.925285,7.8101087,1.2198911,12.115177
C6,198.0,197.0,1.4652458,2.746472,1.9980328,-0.53278697,0.7484391,40.114426,21.509691,21.20459,18.909836,0.3051014
C6,199.0,198.0,1.9814433,2.2262661,1.4652458,0.51619744,0.7610203,54.3966,39.056652,40.114426,14.282173,-1.0577736
C6,200.0,199.0,1.9950495,2.0328557,1.9814433,0.013606191,0.051412463,36.394157,65.12391,54.3966,-18.002441,10.72731
C6,201.0,200.0,1.8410091,2.3050487,1.9950495,-0.15404034,0.30999923,57.574863,45.123516,36.394157,21.180706,8.729359
C6,202.0,201.0,0.63,2.1722302,1.8410091,-1.2110091,0.3312211,41.74,76.628204,57.574863,-15.834862,19.05334
C6,203.0,202.0,1.4471428,1.9080375,0.63,0.81714284,1.2780375,32.462856,47.047638,41.74,-9.277145,5.3076363
C6,204.0,203.0,2.34,2.052464,1.4471428,0.8928571,0.60532117,22.07,19.841585,32.462856,-10.392857,-12.621271
C6,205.0,204.0,2.8319354,2.6635647,2.34,0.4919355,0.32356477,19.48129,13.191142,22.07,-2.5887089,-8.878858
C6,206.0,205.0,2.33901,3.2401612,2.8319354,-0.4929254,0.40822577,30.741188,17.062763,19.48129,11.259897,-2.4185276
C6,207.0,206.0,1.9343333,2.835342,2.33901,-0.40467668,0.49633193,57.341,31.795471,30.741188,26.599812,1.0542831
C6,208.0,207.0,4.7637,2.0678768,1.9343333,2.8293667,0.13354349,91.7724,53.249897,57.341,34.4314,-4.0911026
C6,209.0,208.0,3.568983,2.9788773,4.7637,-1.1947169,-1.7848227,56.75,84.33657,91.7724,-35.0224,-7.435829
C6,210.0,209.0,4.484237,3.1964653,3.568983,0.9152541,-0.37251782,31.75,35.647224,56.75,-25.0,-21.102776
C6,211.0,210.0,4.611278,3.6712773,4.484237,0.12704086,-0.8129599,18.859924,16.928247,31.75,-12.890076,-14.821753
C6,212.0,211.0,4.8518796,4.3075447,4.611278,0.24060154,-0.30373335,26.551655,26.391048,18.859924,7.6917305,7.531124
C6,213.0,212.0,4.192039,4.208724,4.8518796,-0.6598406,-0.6431556,58.516018,62.1382,26.551655,31.964363,35.586544
C6,214.0,213.0,3.6803062,3.496902,4.192039,-0.5117328,-0.695137,94.54469,108.06981,58.516018,36.028675,49.55379
C6,215.0,214.0,2.94101,3.4807687,3.6803062,-0.7392962,-0.19953752,48.077274,77.99418,94.54469,-46.46742,-16.550514
C6,216.0,215.0,2.1717646,3.2643828,2.94101,-0.7692454,0.32337284,30.90294,25.300175,48.077274,-17.174334,-22.7771
C6,217.0,216.0,1.8272269,3.0813437,2.1717646,-0.34453773,0.90957904,16.566807,14.848058,30.90294,-14.336134,-16.054882
C6,218.0,217.0,3.0967648,3.1757321,1.8272269,1.2695379,1.3485053,31.636372,23.927605,16.566807,15.069565,7.360798
C6,219.0,218.0,3.4761941,3.2374663,3.0967648,0.37942934,0.14070153,51.44045,56.944622,31.636372,19.804077,25.30825
C6,220.0,219.0,5.259776,3.1630132,3.4761941,1.783582,-0.31318092,61.17179,64.1892,51.44045,9.731342,12.748753
C6,221.0,220.0,4.7653193,3.970895,5.259776,-0.49445677,-1.2888811,81.98532,52.17501,61.17179,20.81353,-8.99678
C6,222.0,221.0,4.606923,3.775094,4.7653193,-0.15839624,-0.9902253,52.316154,54.445377,81.98532,-29.669167,-27.539944
C6,223.0,222.0,5.5932145,3.697438,4.606923,0.9862914,-0.9094851,31.27107,34.120235,52.316154,-21.045084,-18.195919
C6,224.0,223.0,3.87,4.193144,5.5932145,-1.7232146,-1.4000707,24.28,20.356018,31.27107,-6.99107,-10.915052
C6,225.0,224.0,6.78,3.7690287,3.87,2.9100003,-0.10097122,15.85,16.958483,24.28,-8.43,-7.321518
C6,226.0,225.0,1.8184615,5.14488,6.78,-4.961539,-1.6351204,34.18654,19.67447,15.85,18.336538,3.8244705
C6,227.0,226.0,1.8942857,2.849311,1.8184615,0.07582414,1.0308496,24.888979,51.880356,34.18654,-9.29756,17.693817
C6,228.0,227.0,1.3456565,2.5351276,1.8942857,-0.54862916,0.64084196,39.77596,48.2103,24.888979,14.88698,23.321321
C6,229.0,228.0,1.5361321,2.2256143,1.3456565,0.19047558,0.8799578,40.303585,50.56389,39.77596,0.52762604,10.78793
C6,230.0,229.0,1.43,2.2001677,1.5361321,-0.10613215,0.66403556,19.47,42.344337,40.303585,-20.833586,2.0407524
C7,201.0,200.0,3.9542203,2.371518,2.4191089,1.5351114,-0.04759097,23.559174,27.61579,26.373169,-2.8139954,1.2426205
C7,202.0,201.0,1.89,3.224916,3.9542203,-2.0642204,-0.7293043,44.55,38.55458,23.559174,20.990826,14.995407
C7,203.0,202.0,1.6092857,2.15805,1.89,-0.28071427,0.26805007,57.678215,65.24514,44.55,13.128216,20.69514
C7,204.0,203.0,2.52,1.8031197,1.6092857,0.91071427,0.19383395,38.33,43.09984,57.678215,-19.348213,-14.578377
C7,205.0,204.0,2.552258,2.2785535,2.52,0.032258034,-0.2414465,24.410645,19.452002,38.33,-13.919357,-18.878
C7,206.0,205.0,2.7128713,2.8848207,2.552258,0.1606133,0.33256269,18.319407,14.976445,24.410645,-6.091238,-9.434199
C7,207.0,206.0,2.5823333,3.2063751,2.7128713,-0.13053799,0.4935038,35.012333,17.576077,18.319407,16.692926,-0.74333
C7,208.0,207.0,3.5188,2.8051884,2.5823333,0.9364667,0.22285509,60.6762,43.098766,35.012333,25.663868,8.086433
C7,209.0,208.0,1.8652543,2.61988,3.5188,-1.6535457,-0.89892006,88.82458,84.010185,60.6762,28.148376,23.333984
C7,210.0,209.0,4.1364408,2.3556094,1.8652543,2.2711864,0.49035513,32.705933,14.378505,88.82458,-56.118645,-74.446075
C7,211.0,210.0,4.8793235,3.6543212,4.1364408,0.7428827,-0.48211956,13.032932,10.958044,32.705933,-19.673,-21.747889
C7,212.0,211.0,5.104887,4.678816,4.8793235,0.22556353,-0.20050764,16.055489,21.349928,13.032932,3.0225563,8.316996
C7,213.0,212.0,5.0370874,4.7975698,5.104887,-0.06779957,-0.30731726,30.499126,48.956486,16.055489,14.443638,32.900997
C7,214.0,213.0,4.497653,4.638757,5.0370874,-0.53943443,-0.3983302,57.614594,75.0652,30.499126,27.115467,44.566074
C7,215.0,214.0,4.4761615,4.71745,4.497653,-0.021491528,0.21979713,39.250607,78.55142,57.614594,-18.363987,20.936829
C7,216.0,215.0,4.742353,5.428914,4.4761615,0.26619148,0.9527526,30.717058,29.707191,39.250607,-8.533548,-9.543415
C7,217.0,216.0,3.044874,5.4274497,4.742353,-1.697479,0.68509674,20.767479,19.01404,30.717058,-9.949579,-11.703018
C7,218.0,217.0,1.9604902,4.576573,3.044874,-1.0843837,1.531699,6.2036276,19.214178,20.767479,-14.563851,-1.5533009
C7,219.0,218.0,2.8287313,3.9483385,1.9604902,0.8682411,1.9878483,11.053806,21.531029,6.2036276,4.8501787,15.327401
C7,220.0,219.0,5.0899253,4.1189647,2.8287313,2.261194,1.2902334,31.270224,31.993738,11.053806,20.216417,20.939932
C7,221.0,220.0,6.003404,4.5347743,5.0899253,0.91347885,-0.555151,65.05681,65.87127,31.270224,33.786583,34.601044
C7,222.0,221.0,6.373846,3.962613,6.003404,0.3704419,-2.040791,68.04539,99.51209,65.05681,2.9885788,34.455284
C7,223.0,222.0,4.8582144,4.0181055,6.373846,-1.5156317,-2.3557405,34.20643,51.395584,68.04539,-33.83896,-16.649803
C7,224.0,223.0,3.51,3.3828135,4.8582144,-1.3482144,-1.4754009,18.26,21.166416,34.20643,-15.946428,-13.040012
C7,225.0,224.0,7.5,3.2614918,3.51,3.99,-0.24850821,34.52,17.842997,18.26,16.26,-0.41700363
C7,226.0,225.0,2.4519231,5.2486186,7.5,-5.0480766,-2.2513814,49.37577,44.454933,34.52,14.85577,9.934933
C7,227.0,226.0,1.8679591,2.4325335,2.4519231,-0.583964,-0.01938963,67.46551,90.4098,49.37577,18.089737,41.034027
C7,228.0,227.0,1.949091,1.9834259,1.8679591,0.081131816,0.115466714,36.638283,53.51849,67.46551,-30.827225,-13.947018
C7,229.0,228.0,1.95,2.1259043,1.949091,0.00090909004,0.17681336,32.57481,27.052246,36.638283,-4.0634727,-9.586037
C7,230.0,229.0,2.4671297,2.4654248,1.95,0.51712966,0.5154247,22.257036,27.194689,32.57481,-10.317774,-5.380121
C7,231.0,230.0,2.1800926,2.664379,2.4671297,-0.28703713,0.19724917,20.960741,30.671886,22.257036,-1.2962952,8.41485
C7,232.0,231.0,1.7009804,2.389334,2.1800926,-0.47911215,0.20924139,27.985098,35.040684,20.960741,7.024357,14.079943
C7,233.0,232.0,1.72,1.9574088,1.7009804,0.019019604,0.25642836,45.35,49.890953,27.985098,17.3649,21.905855
C8,158.0,157.0,0.47270834,0.3267523,0.76762885,-0.2949205,-0.44087654,16.767292,12.610908,13.144536,3.622756,-0.53362846
C8,159.0,158.0,0.41,0.3941425,0.47270834,-0.06270835,-0.078565836,14.065514,12.421095,16.767292,-2.7017784,-4.346197
C8,160.0,159.0,0.3958586,0.6607988,0.41,-0.014141411,0.2507988,12.400202,14.784489,14.065514,-1.6653118,0.71897507
C8,161.0,160.0,0.31639177,1.0271492,0.3958586,-0.07946682,0.6312906,6.7527833,11.395239,12.400202,-5.6474185,-1.0049629
C8,162.0,161.0,1.507549,1.1905361,0.31639177,1.1911573,0.8741444,8.359412,12.047378,6.7527833,1.6066289,5.2945943
C8,163.0,162.0,1.5516326,1.220821,1.507549,0.044083595,-0.28672802,10.738673,15.849633,8.359412,2.379261,7.490221
C8,164.0,163.0,1.3059224,0.88181055,1.5516326,-0.24571025,-0.6698221,23.358543,18.354666,10.738673,12.61987,7.6159925
C8,165.0,164.0,0.716087,0.5920952,1.3059224,-0.5898354,-0.7138272,20.635218,26.64936,23.358543,-2.7233257,3.2908173
C8,166.0,165.0,0.13545455,0.37715378,0.716087,-0.58063245,-0.3389332,18.582727,16.592077,20.635218,-2.0524902,-4.0431404
C8,167.0,166.0,0.0646789,0.34217623,0.13545455,-0.07077565,0.20672168,8.484036,8.855469,18.582727,-10.098691,-9.727259
C8,168.0,167.0,0.11526316,0.471486,0.0646789,0.050584257,0.4068071,1.1831579,6.918227,8.484036,-7.3008785,-1.5658092
C8,169.0,168.0,0.4320588,1.1709577,0.11526316,0.31679565,1.0556946,0.9235294,6.6377172,1.1831579,-0.25962853,5.4545593
C8,170.0,169.0,0.7818095,1.7281057,0.4320588,0.3497507,1.2960469,0.7362857,7.0370727,0.9235294,-0.1872437,6.1135435
C8,171.0,170.0,1.3942553,1.4903592,0.7818095,0.6124458,0.7085497,3.5206382,7.6508794,0.7362857,2.7843525,6.9145937
C8,172.0,171.0,2.4402857,1.077401,1.3942553,1.0460304,-0.31685424,2.4614286,11.399164,3.5206382,-1.0592096,7.8785257
C8,173.0,172.0,0.9267416,1.011453,2.4402857,-1.5135441,-1.4288327,4.789101,11.631599,2.4614286,2.3276725,9.170171
C8,174.0,173.0,0.3846729,0.53936,0.9267416,-0.5420687,-0.3873816,8.824579,8.754745,4.789101,4.035478,3.9656434
C8,175.0,174.0,0.23696078,0.34542716,0.3846729,-0.14771213,-0.039245754,6.7552943,5.9238772,8.824579,-2.069285,-2.900702
C8,176.0,175.0,0.49454546,0.58636564,0.23696078,0.2575847,0.34940487,6.110909,6.6154337,6.7552943,-0.64438534,-0.13986063
C8,177.0,176.0,0.8621154,1.3445436,0.49454546,0.36756992,0.8499981,5.8690386,13.215893,6.110909,-0.2418704,7.104984
C8,178.0,177.0,1.0431914,1.4037964,0.8621154,0.18107605,0.54168105,14.247022,20.195879,5.8690386,8.377983,14.32684
C8,179.0,178.0,0.5925,0.6193257,1.0431914,-0.45069146,-0.42386574,19.96875,18.63847,14.247022,5.7217283,4.391448
C8,180.0,179.0,0.18058823,0.32724077,0.5925,-0.41191173,-0.2652592,18.033333,13.247478,19.96875,-1.9354172,-6.7212725
C8,181.0,180.0,0.13,0.2803272,0.18058823,-0.050588235,0.09973897,10.1478,8.929342,18.033333,-7.8855324,-9.103991
C8,182.0,181.0,0.15477876,0.22896445,0.13,0.024778768,0.09896445,2.3338938,4.4098563,10.1478,-7.8139067,-5.737944
C8,183.0,182.0,0.33,0.27750444,0.15477876,0.17522125,0.12272568,3.21,4.3346252,2.3338938,0.87610626,2.0007315
C9,122.0,121.0,0.67214286,0.49083436,0.60071427,0.0714286,-0.10987991,26.58357,27.711079,39.797855,-13.214285,-12.086777
C9,123.0,122.0,0.7450459,0.56703657,0.67214286,0.07290304,-0.105106294,30.86945,20.740864,26.58357,4.285879,-5.8427067
C9,124.0,123.0,0.8794059,0.795079,0.7450459,0.13436002,0.050033092,42.304356,22.653873,30.86945,11.434906,-8.215576
C9,125.0,124.0,0.84930694,1.1260325,0.8794059,-0.030098975,0.24662656,40.69099,29.385675,42.304356,-1.6133652,-12.91868
C9,126.0,125.0,0.78,1.2271024,0.84930694,-0.06930697,0.37779546,55.79,40.182423,40.69099,15.09901,-0.5085678
C9,127.0,126.0,1.2559459,0.961641,0.78,0.47594595,0.18164104,75.27415,47.654575,55.79,19.484146,-8.135426
C9,128.0,127.0,0.9045946,0.80919415,1.2559459,-0.35135132,-0.44675177,80.87775,42.966724,75.27415,5.6035995,-32.307423
C9,129.0,128.0,0.6741803,0.71826327,0.9045946,-0.23041427,-0.18633133,76.37607,45.90231,80.87775,-4.5016785,-34.975437
C9,130.0,129.0,0.2408,0.62803614,0.6741803,-0.43338034,-0.046144187,89.476,40.14565,76.37607,13.09993,-36.23042
C9,131.0,130.0,0.26102042,0.5542536,0.2408,0.020220429,0.31345358,43.21612,33.556717,89.476,-46.259876,-55.91928
C9,132.0,131.0,0.52444446,0.5556816,0.26102042,0.26342404,0.29466116,21.18111,20.836569,43.21612,-22.035011,-22.379553
C9,133.0,132.0,0.5985185,0.7149321,0.52444446,0.07407403,0.19048762,19.699629,15.26878,21.18111,-1.4814816,-5.9123306
C9,134.0,133.0,1.2731314,1.0020456,0.5985185,0.6746129,0.40352714,21.451818,18.563755,19.699629,1.7521896,-1.1358738
C9,135.0,134.0,1.3231093,1.1705837,1.2731314,0.0499779,-0.102547646,34.501934,29.646881,21.451818,13.050116,8.195063
C9,136.0,135.0,0.76008403,1.0111735,1.3231093,-0.56302524,-0.31193578,54.233025,41.63449,34.501934,19.73109,7.132557
C9,137.0,136.0,0.9653846,0.7594411,0.76008403,0.20530057,-0.0006429553,53.134617,46.14739,54.233025,-1.0984077,-8.085636
C9,138.0,137.0,0.2704902,0.6232183,0.9653846,-0.69489443,-0.3421663,42.416077,40.324078,53.134617,-10.71854,-12.810539
C9,139.0,138.0,0.3195098,0.56940484,0.2704902,0.049019605,0.29891464,30.023922,30.560461,42.416077,-12.392155,-11.855616
C9,140.0,139.0,0.4881132,0.6527239,0.3195098,0.16860339,0.3332141,20.532358,22.295017,30.023922,-9.491564,-7.7289047
C9,141.0,140.0,0.5,0.9491439,0.4881132,0.011886805,0.4610307,19.87,21.677715,20.532358,-0.66235733,1.1453571
